{
  "Ag": {
    "bcc": -2.6892495155334473,
    "diamond": -1.9449955224990845,
    "fcc": -2.7163944244384766,
    "hcp": -2.7145533561706543,
    "sc": -2.3793883323669434
  },
  "Al": {
    "bcc": -3.6652917861938477,
    "diamond": -3.045823335647583,
    "fcc": -3.745206594467163,
    "hcp": -3.723388195037842,
    "sc": -3.380059003829956
  },
  "Au": {
    "bcc": -3.1906356811523438,
    "diamond": -2.5504744052886963,
    "fcc": -3.223112106323242,
    "hcp": -3.214567184448242,
    "sc": -3.0418949127197266
  },
  "Ba": {
    "bcc": -1.8847277164459229,
    "diamond": -1.2801523208618164,
    "fcc": -1.8947222232818604,
    "hcp": -1.8850871324539185,
    "sc": -1.5645503997802734
  },
  "Be": {
    "bcc": -3.6630187034606934,
    "diamond": -2.1376090049743652,
    "fcc": -3.6724770069122314,
    "hcp": -3.714510202407837,
    "sc": -2.7995333671569824
  },
  "Bi": {
    "bcc": -3.7230753898620605,
    "diamond": -3.674126625061035,
    "fcc": -3.7372541427612305,
    "hcp": -3.736922264099121,
    "sc": -3.8148903846740723
  },
  "Ca": {
    "bcc": -1.9223994016647339,
    "diamond": -1.0612186193466187,
    "fcc": -1.9260423183441162,
    "hcp": -1.923011302947998,
    "sc": -1.5174453258514404
  },
  "Cd": {
    "bcc": -0.7077555656433105,
    "diamond": -0.42656493186950684,
    "fcc": -0.7396489977836609,
    "hcp": -0.7414039373397827,
    "sc": -0.624245285987854
  },
  "Co": {
    "bcc": -6.9760613441467285,
    "diamond": -5.835000991821289,
    "fcc": -7.028743743896484,
    "hcp": -7.040126323699951,
    "sc": -6.298416614532471
  },
  "Cr": {
    "bcc": -9.535543441772461,
    "diamond": -7.398464202880859,
    "fcc": -9.210874557495117,
    "hcp": -9.150495529174805,
    "sc": -8.500335693359375
  },
  "Cs": {
    "bcc": -0.941299557685852,
    "diamond": -0.9229768514633179,
    "fcc": -0.941025972366333,
    "hcp": -0.940909743309021,
    "sc": -0.9409269094467163
  },
  "Cu": {
    "bcc": -3.711801052093506,
    "diamond": -2.732151985168457,
    "fcc": -3.746325969696045,
    "hcp": -3.743685722351074,
    "sc": -3.284275531768799
  },
  "Fe": {
    "bcc": -8.271926879882812,
    "diamond": -6.9341654777526855,
    "fcc": -8.121479988098145,
    "hcp": -8.229068756103516,
    "sc": -7.49034309387207
  },
  "Ga": {
    "bcc": -2.870746612548828,
    "diamond": -2.610706329345703,
    "fcc": -2.886979103088379,
    "hcp": -2.8788061141967773,
    "sc": -2.830477476119995
  },
  "Ge": {
    "bcc": -4.180023193359375,
    "diamond": -4.474632263183594,
    "fcc": -4.184217929840088,
    "hcp": -4.178992748260498,
    "sc": -4.306732654571533
  },
  "Hf": {
    "bcc": -9.764019966125488,
    "diamond": -7.271503448486328,
    "fcc": -9.880970001220703,
    "hcp": -9.919459342956543,
    "sc": -8.948783874511719
  },
  "Hg": {
    "bcc": -0.18287502229213715,
    "diamond": -0.14045388996601105,
    "fcc": -0.17985454201698303,
    "hcp": -0.18109586834907532,
    "sc": -0.17266914248466492
  },
  "In": {
    "bcc": -2.543231725692749,
    "diamond": -2.2370994091033936,
    "fcc": -2.555382013320923,
    "hcp": -2.551762580871582,
    "sc": -2.457826852798462
  },
  "Ir": {
    "bcc": -8.373647689819336,
    "diamond": -7.831840515136719,
    "fcc": -8.844467163085938,
    "hcp": -8.796531677246094,
    "sc": -7.859143257141113
  },
  "K": {
    "bcc": -1.051405668258667,
    "diamond": -0.966232419013977,
    "fcc": -1.0615346431732178,
    "hcp": -1.0608136653900146,
    "sc": -1.0339617729187012
  },
  "Li": {
    "bcc": -1.906676173210144,
    "diamond": -1.3860225677490234,
    "fcc": -1.9010255336761475,
    "hcp": -1.9039729833602905,
    "sc": -1.770775556564331
  },
  "Mg": {
    "bcc": -1.4826284646987915,
    "diamond": -0.7531131505966187,
    "fcc": -1.5043721199035645,
    "hcp": -1.5090035200119019,
    "sc": -1.124167561531067
  },
  "Mn": {
    "bcc": -8.964883804321289,
    "diamond": -7.595062255859375,
    "fcc": -8.973428726196289,
    "hcp": -9.013444900512695,
    "sc": -8.111400604248047
  },
  "Mo": {
    "bcc": -10.952714920043945,
    "diamond": -8.712817192077637,
    "fcc": -10.575523376464844,
    "hcp": -10.518802642822266,
    "sc": -9.772252082824707
  },
  "Na": {
    "bcc": -1.3017007112503052,
    "diamond": -1.0279392004013062,
    "fcc": -1.3045928478240967,
    "hcp": -1.3043688535690308,
    "sc": -1.1916173696517944
  },
  "Nb": {
    "bcc": -10.115403175354004,
    "diamond": -7.628330707550049,
    "fcc": -9.841328620910645,
    "hcp": -9.791808128356934,
    "sc": -9.247018814086914
  },
  "Ni": {
    "bcc": -5.417185306549072,
    "diamond": -4.301981449127197,
    "fcc": -5.491119861602783,
    "hcp": -5.484493255615234,
    "sc": -4.806702613830566
  },
  "Os": {
    "bcc": -10.456335067749023,
    "diamond": -9.843841552734375,
    "fcc": -11.083158493041992,
    "hcp": -11.214799880981445,
    "sc": -9.642257690429688
  },
  "Pb": {
    "bcc": -3.5390477180480957,
    "diamond": -3.241473436355591,
    "fcc": -3.5658860206604004,
    "hcp": -3.5619845390319824,
    "sc": -3.372624397277832
  },
  "Pd": {
    "bcc": -5.168484687805176,
    "diamond": -4.131241798400879,
    "fcc": -5.194771766662598,
    "hcp": -5.185778617858887,
    "sc": -4.69389533996582
  },
  "Pt": {
    "bcc": -6.023044109344482,
    "diamond": -5.048861026763916,
    "fcc": -6.094358921051025,
    "hcp": -6.051146507263184,
    "sc": -5.686033248901367
  },
  "Rb": {
    "bcc": -0.9758204221725464,
    "diamond": -0.9396361708641052,
    "fcc": -0.976539671421051,
    "hcp": -0.9761645197868347,
    "sc": -0.9728142619132996
  },
  "Re": {
    "bcc": -12.133102416992188,
    "diamond": -10.906135559082031,
    "fcc": -12.338238716125488,
    "hcp": -12.414499282836914,
    "sc": -10.925707817077637
  },
  "Rh": {
    "bcc": -7.00066614151001,
    "diamond": -6.2377166748046875,
    "fcc": -7.264308452606201,
    "hcp": -7.248801231384277,
    "sc": -6.4036712646484375
  },
  "Ru": {
    "bcc": -8.725912094116211,
    "diamond": -8.107916831970215,
    "fcc": -9.13058090209961,
    "hcp": -9.222505569458008,
    "sc": -8.030533790588379
  },
  "Sc": {
    "bcc": -6.1545329093933105,
    "diamond": -4.26474666595459,
    "fcc": -6.20132303237915,
    "hcp": -6.243136882781982,
    "sc": -5.510546684265137
  },
  "Si": {
    "bcc": -4.91481876373291,
    "diamond": -5.417655944824219,
    "fcc": -4.929622650146484,
    "hcp": -4.922889232635498,
    "sc": -5.114598751068115
  },
  "Sn": {
    "bcc": -3.7747209072113037,
    "diamond": -3.7754030227661133,
    "fcc": -3.793142795562744,
    "hcp": -3.786432981491089,
    "sc": -3.78375506401062
  },
  "Sr": {
    "bcc": -1.6209121942520142,
    "diamond": -1.005672574043274,
    "fcc": -1.6330230236053467,
    "hcp": -1.6283520460128784,
    "sc": -1.2474000453948975
  },
  "Ta": {
    "bcc": -11.832584381103516,
    "diamond": -8.961730003356934,
    "fcc": -11.588752746582031,
    "hcp": -11.532096862792969,
    "sc": -10.763816833496094
  },
  "Tc": {
    "bcc": -10.163589477539062,
    "diamond": -8.833538055419922,
    "fcc": -10.291711807250977,
    "hcp": -10.375042915344238,
    "sc": -9.252653121948242
  },
  "Ti": {
    "bcc": -7.709745407104492,
    "diamond": -5.55548095703125,
    "fcc": -7.738142013549805,
    "hcp": -7.788764953613281,
    "sc": -7.107771873474121
  },
  "Tl": {
    "bcc": -2.2133405208587646,
    "diamond": -1.869711995124817,
    "fcc": -2.214503526687622,
    "hcp": -2.2150464057922363,
    "sc": -2.078181505203247
  },
  "V": {
    "bcc": -8.947172164916992,
    "diamond": -6.920247554779053,
    "fcc": -8.734735488891602,
    "hcp": -8.707361221313477,
    "sc": -8.234325408935547
  },
  "W": {
    "bcc": -12.922815322875977,
    "diamond": -10.359902381896973,
    "fcc": -12.514850616455078,
    "hcp": -12.418107032775879,
    "sc": -11.445478439331055
  },
  "Y": {
    "bcc": -6.3128485679626465,
    "diamond": -4.442340850830078,
    "fcc": -6.402435302734375,
    "hcp": -6.432004928588867,