{
  "Ag": {
    "bcc": -2.794301092394603,
    "diamond": -2.0522989252890795,
    "fcc": -2.825396215893556,
    "hcp": -2.82367142935138,
    "sc": -2.5016293803800056
  },
  "Al": {
    "bcc": -3.661589353331571,
    "diamond": -2.9964299347559744,
    "fcc": -3.7415147761791614,
    "hcp": -3.71371924086163,
    "sc": -3.3725434729062886
  },
  "Au": {
    "bcc": -3.2475069868958792,
    "diamond": -2.5784768372494296,
    "fcc": -3.2726542021635643,
    "hcp": -3.2631972670511726,
    "sc": -3.090205004666875
  },
  "Ba": {
    "bcc": -1.9145462079275875,
    "diamond": -0.9488639265802952,
    "fcc": -1.9145497520836183,
    "hcp": -1.9105925786644178,
    "sc": -1.6212685687888897
  },
  "Be": {
    "bcc": -3.6002760773798026,
    "diamond": -2.108190080134255,
    "fcc": -3.5415827781420255,
    "hcp": -3.5437133674120775,
    "sc": -2.7530382918034375
  },
  "Bi": {
    "bcc": -3.7180839688156806,
    "diamond": -3.6722529670479727,
    "fcc": -3.739127027735461,
    "hcp": -3.7381387598485576,
    "sc": -3.8386373666711746
  },
  "Ca": {
    "bcc": -1.9921643406755416,
    "diamond": -0.9201149831962898,
    "fcc": -1.9988796899768524,
    "hcp": -1.9944094171240083,
    "sc": -1.6078905733343523
  },
  "Cd": {
    "bcc": -0.8635324181048992,
    "diamond": -0.5726858958475562,
    "fcc": -0.8983434049571943,
    "hcp": -0.9008252765876991,
    "sc": -0.782371455921232
  },
  "Co": {
    "bcc": -7.020518549271776,
    "diamond": -5.840003275150851,
    "fcc": -7.084080964891056,
    "hcp": -7.101573682248121,
    "sc": -6.330340932446357
  },
  "Cr": {
    "bcc": -9.641357691698008,
    "diamond": -7.486850009175108,
    "fcc": -9.262007628889409,
    "hcp": -9.190432256865176,
    "sc": -8.680116888122358
  },
  "Cs": {
    "bcc": -0.846882045586989,
    "diamond": -1.0046547017459704,
    "fcc": -0.8541918002633907,
    "hcp": -0.8535412794089136,
    "sc": -0.8402750996620331
  },
  "Cu": {
    "bcc": -4.059336582309418,
    "diamond": -3.0704455243869573,
    "fcc": -4.09654560487379,
    "hcp": -4.0924359938996275,
    "sc": -3.6429922603348146
  },
  "Fe": {
    "bcc": -8.444268430276919,
    "diamond": -7.196748569957893,
    "fcc": -8.32305892178854,
    "hcp": -8.367497586945106,
    "sc": -7.645067560564899
  },
  "Ga": {
    "bcc": -2.996839468398578,
    "diamond": -2.7482186119731606,
    "fcc": -3.012183534503279,
    "hcp": -2.9978522132954812,
    "sc": -2.9506614576329526
  },
  "Ge": {
    "bcc": -4.280882108145343,
    "diamond": -4.613537854689306,
    "fcc": -4.284238507518721,
    "hcp": -4.276832395847784,
    "sc": -4.373963523180654
  },
  "Hf": {
    "bcc": -9.781725487902117,
    "diamond": -7.296639300995325,
    "fcc": -9.880981894432436,
    "hcp": -9.95195678405756,
    "sc": -8.879833612416862
  },
  "Hg": {
    "bcc": -0.2989960580116011,
    "diamond": -0.19544758925013622,
    "fcc": -0.2959979845085658,
    "hcp": -0.2952782919742729,
    "sc": -0.2901038483722058
  },
  "In": {
    "bcc": -2.711178863491853,
    "diamond": -2.397640300011684,
    "fcc": -2.7231661950989867,
    "hcp": -2.7166184802871762,
    "sc": -2.633633524942938
  },
  "Ir": {
    "bcc": -8.282202330610145,
    "diamond": -7.854858561776536,
    "fcc": -8.859574684834797,
    "hcp": -8.793422898304087,
    "sc": -7.920602194333674
  },
  "K": {
    "bcc": -1.0940281036941253,
    "diamond": -0.818575600082424,
    "fcc": -1.0962965571980074,
    "hcp": -1.094723222900665,
    "sc": -0.9835946757524195
  },
  "Li": {
    "bcc": -1.9021010851999425,
    "diamond": -1.3923322849168773,
    "fcc": -1.9018391137433914,
    "hcp": -1.9050224780353502,
    "sc": -1.776445389620723
  },
  "Mg": {
    "bcc": -1.5780004638051248,
    "diamond": -0.8266083228086514,
    "fcc": -1.594493160752784,
    "hcp": -1.6018969197982944,
    "sc": -1.216616708786387
  },
  "Mn": {
    "bcc": -9.048303369247447,
    "diamond": -7.705036000426979,
    "fcc": -9.09939074757068,
    "hcp": -9.113796709583923,
    "sc": -8.295255150481928
  },
  "Mo": {
    "bcc": -10.84714872334219,
    "diamond": -8.572358195206409,
    "fcc": -10.434959718001053,
    "hcp": -10.359252619183373,
    "sc": -9.69617684232646
  },
  "Na": {
    "bcc": -1.309251003678364,
    "diamond": -0.9765944008667068,
    "fcc": -1.3117745953595858,
    "hcp": -1.3113066105242237,
    "sc": -1.1944408717724615
  },
  "Nb": {
    "bcc": -10.091481180347206,
    "diamond": -7.514047941395157,
    "fcc": -9.794257536914738,
    "hcp": -9.751686529450136,
    "sc": -9.215217375396017
  },
  "Ni": {
    "bcc": -5.681348987338033,
    "diamond": -4.578494776020704,
    "fcc": -5.775918825539179,
    "hcp": -5.754321182874504,
    "sc": -5.0912877225407565
  },
  "Os": {
    "bcc": -10.321802041632157,
    "diamond": -9.914475979557373,
    "fcc": -11.068855124168502,
    "hcp": -11.201795982541391,
    "sc": -9.693946983353587
  },
  "Pb": {
    "bcc": -3.673853997589892,
    "diamond": -3.444434523112708,
    "fcc": -3.700692922571676,
    "hcp": -3.6946215513414176,
    "sc": -3.5166560362731527
  },
  "Pd": {
    "bcc": -5.133392137236777,
    "diamond": -4.0936085187723545,
    "fcc": -5.183092763721616,
    "hcp": -5.152195711424616,
    "sc": -4.698560625062614
  },
  "Pt": {
    "bcc": -5.953989402470653,
    "diamond": -5.004152956747902,
    "fcc": -6.049139338025121,
    "hcp": -5.978199798507379,
    "sc": -5.60064086109151
  },
  "Rb": {
    "bcc": -0.9431844522146038,
    "diamond": -0.8072822097821115,
    "fcc": -0.9633584088565685,
    "hcp": -0.9623390681207523,
    "sc": -0.896970067397039
  },
  "Re": {
    "bcc": -12.103441450573943,
    "diamond": -10.901006705404928,
    "fcc": -12.362903318919404,
    "hcp": -12.431408037124516,
    "sc": -11.025158876329511
  },
  "Rh": {
    "bcc": -7.018453693519828,
    "diamond": -6.261629845237053,
    "fcc": -7.341610698087148,
    "hcp": -7.307484560488758,
    "sc": -6.554079013950167
  },
  "Ru": {
    "bcc": -8.657571857882626,
    "diamond": -8.054491419881238,
    "fcc": -9.156956138345958,
    "hcp": -9.24858954999334,
    "sc": -8.119349359658882
  },
  "Sc": {
    "bcc": -6.232731705988242,
    "diamond": -4.35607407525816,
    "fcc": -6.288427765403439,
    "hcp": -6.323147021718559,
    "sc": -5.593195114458166
  },
  "Si": {
    "bcc": -4.8987802295115035,
    "diamond": -5.4123669378241095,
    "fcc": -4.901128267269832,
    "hcp": -4.907954267378194,
    "sc": -5.09707089938358
  },
  "Sn": {
    "bcc": -3.936642708898053,
    "diamond": -4.021377269558766,
    "fcc": -3.948150565628424,
    "hcp": -3.943158396700276,
    "sc": -3.946939632622584
  },
  "Sr": {
    "bcc": -1.6780700419290158,
    "diamond": -0.7826521405572228,
    "fcc": -1.6866621499020642,
    "hcp": -1.6824313135975146,
    "sc": -1.3211068910940627
  },
  "Ta": {
    "bcc": -11.847498109357048,
    "diamond": -8.960445566348582,
    "fcc": -11.604803594681075,
    "hcp": -11.542715367071708,
    "sc": -10.737554705258436
  },
  "Tc": {
    "bcc": -10.095185071033402,
    "diamond": -8.92107517536464,
    "fcc": -10.288473245253186,
    "hcp": -10.346616763903473,
    "sc": -9.336034752017593
  },
  "Ti": {
    "bcc": -7.792966102233979,
    "diamond": -5.767167670821536,
    "fcc": -7.836051143031147,
    "hcp": -7.87052422458976,
    "sc": -7.071709923214042
  },
  "Tl": {
    "bcc": -2.3563742978956395,
    "diamond": -2.0122370082786776,
    "fcc": -2.35314274925107,
    "hcp": -2.3551480430764857,
    "sc": -2.2417102340051356
  },
  "V": {
    "bcc": -9.09046237534401,
    "diamond": -6.811687443018208,
    "fcc": -8.88260418033691,
    "hcp": -8.8304009712441,
    "sc": -8.36999041129273
  },
  "W": {
    "bcc": -12.94928493322871,
    "diamond": -10.351827336752788,
    "fcc": -12.482577771047232,
    "hcp": -12.385667627448882,
    "sc": -11.537229927983507
  },
  "Y": {
    "bcc": -6.336430576721259,
    "diamond": -4.481042831062528,
    "fcc": -6.434077513910884,
    "hcp": -6.455749549002351,
    "sc": -5.671233671165991
  },