{
  "Ag": {
    "bcc": -2.798088771005152,
    "diamond": -2.0540162300488625,
    "fcc": -2.8278731569001367,
    "hcp": -2.826054135445351,
    "sc": -2.5091374961361557
  },
  "Al": {
    "bcc": -3.6521484496187098,
    "diamond": -3.01163266920663,
    "fcc": -3.743377742591319,
    "hcp": -3.7150160520778774,
    "sc": -3.364690580216977
  },
  "Au": {
    "bcc": -3.2472837600062796,
    "diamond": -2.568770112132016,
    "fcc": -3.2690225800776367,
    "hcp": -3.2607172281270915,
    "sc": -3.0834879074686827
  },
  "Ba": {
    "bcc": -1.923244853475717,
    "diamond": -0.9160823190068099,
    "fcc": -1.9063909056542863,
    "hcp": -1.9110698105779038,
    "sc": -1.617995644921945
  },
  "Be": {
    "bcc": -3.663607252918175,
    "diamond": -2.115181717009868,
    "fcc": -3.6464752251635977,
    "hcp": -3.717789126184359,
    "sc": -2.7200676625813074
  },
  "Bi": {
    "bcc": -3.7404691757564112,
    "diamond": -3.666229017296538,
    "fcc": -3.7239675751021917,
    "hcp": -3.746579853621335,
    "sc": -3.8374871149671543
  },
  "Ca": {
    "bcc": -1.987738926909679,
    "diamond": -0.9216125856204596,
    "fcc": -1.9999155626929306,
    "hcp": -1.9963701680188068,
    "sc": -1.6060365174885747
  },
  "Cd": {
    "bcc": -0.8521288968984982,
    "diamond": -0.5854486439979953,
    "fcc": -0.9028881810404807,
    "hcp": -0.8977486709974783,
    "sc": -0.7809255050043764
  },
  "Co": {
    "bcc": -7.007213798605375,
    "diamond": -5.8308211929052565,
    "fcc": -7.088380718123033,
    "hcp": -7.101883381984411,
    "sc": -6.311603213058595
  },
  "Cr": {
    "bcc": -9.632907689616639,
    "diamond": -7.561411170126494,
    "fcc": -9.245705851972636,
    "hcp": -9.186176325344777,
    "sc": -8.602924074726303
  },
  "Cs": {
    "bcc": -0.8483157236119176,
    "diamond": -0.9971333709565613,
    "fcc": -0.8557373417735437,
    "hcp": -0.8558179105551047,
    "sc": -0.8348264031617654
  },
  "Cu": {
    "bcc": -4.059210621210405,
    "diamond": -3.0765787196212173,
    "fcc": -4.097599087418381,
    "hcp": -4.089902935030602,
    "sc": -3.6448909823225017
  },
  "Fe": {
    "bcc": -8.448484213911334,
    "diamond": -7.161822873849246,
    "fcc": -8.339449906201175,
    "hcp": -8.36717785019792,
    "sc": -7.64917773463694
  },
  "Ga": {
    "bcc": -2.9950407490515323,
    "diamond": -2.7511166419942055,
    "fcc": -3.007994593039129,
    "hcp": -2.9987212296638024,
    "sc": -2.94874286034402
  },
  "Ge": {
    "bcc": -4.275999453165333,
    "diamond": -4.611787902584718,
    "fcc": -4.287209989834183,
    "hcp": -4.281451025298787,
    "sc": -4.371050548826949
  },
  "Hf": {
    "bcc": -9.774546594232817,
    "diamond": -7.266022650164387,
    "fcc": -9.880792303660463,
    "hcp": -9.948735304056518,
    "sc": -8.883382880862408
  },
  "Hg": {
    "bcc": -0.29981367823560984,
    "diamond": -0.2102922782181771,
    "fcc": -0.2976972229900333,
    "hcp": -0.297516461921083,
    "sc": -0.2831134815827636
  },
  "In": {
    "bcc": -2.7088075867612655,
    "diamond": -2.397342367347336,
    "fcc": -2.722900031632581,
    "hcp": -2.714176248645872,
    "sc": -2.6337779455712886
  },
  "Ir": {
    "bcc": -8.246810136175565,
    "diamond": -7.849190080094525,
    "fcc": -8.857028923360904,
    "hcp": -8.788215749609357,
    "sc": -7.891371804874167
  },
  "K": {
    "bcc": -1.088999205087712,
    "diamond": -0.811600339532609,
    "fcc": -1.0935961375750045,
    "hcp": -1.0945852000161513,
    "sc": -0.9928085852352277
  },
  "Li": {
    "bcc": -1.902239893698115,
    "diamond": -1.397487307607191,
    "fcc": -1.904582575843563,
    "hcp": -1.9052869028287596,
    "sc": -1.7815117884336735
  },
  "Mg": {
    "bcc": -1.5810839368915257,
    "diamond": -0.8363374717219659,
    "fcc": -1.5970809619790267,
    "hcp": -1.6077513387912195,
    "sc": -1.2086999086816665
  },
  "Mn": {
    "bcc": -9.035365871771091,
    "diamond": -7.767955806654937,
    "fcc": -9.088528577959789,
    "hcp": -9.115832693046922,
    "sc": -8.330244409547731
  },
  "Mo": {
    "bcc": -10.843843851118274,
    "diamond": -8.594931864336449,
    "fcc": -10.430742759893043,
    "hcp": -10.388604660445445,
    "sc": -9.707218701819949
  },
  "Na": {
    "bcc": -1.3118169249627039,
    "diamond": -0.9786586819005401,
    "fcc": -1.3112365539074018,
    "hcp": -1.3109480314611093,
    "sc": -1.1919785901832014
  },
  "Nb": {
    "bcc": -10.09242355590531,
    "diamond": -7.50330900092631,
    "fcc": -9.775458227892537,
    "hcp": -9.771350040277337,
    "sc": -9.16901601702132
  },
  "Ni": {
    "bcc": -5.690765854607212,
    "diamond": -4.558472947200739,
    "fcc": -5.778701908435899,
    "hcp": -5.756182581276715,
    "sc": -5.072572255902707
  },
  "Os": {
    "bcc": -10.329600140032095,
    "diamond": -9.950639777689538,
    "fcc": -11.069032981710418,
    "hcp": -11.194958751807498,
    "sc": -9.693345006910596
  },
  "Pb": {
    "bcc": -3.670865163738383,
    "diamond": -3.430190138201767,
    "fcc": -3.703489335194578,
    "hcp": -3.6932675178719085,
    "sc": -3.5305379208966823
  },
  "Pd": {
    "bcc": -5.134346064072785,
    "diamond": -4.062669750667753,
    "fcc": -5.178371960351919,
    "hcp": -5.149830488815302,
    "sc": -4.692502111393265
  },
  "Pt": {
    "bcc": -5.965706197716672,
    "diamond": -5.0184200718288015,
    "fcc": -6.051832063989126,
    "hcp": -5.974395025706205,
    "sc": -5.586176677829466
  },
  "Rb": {
    "bcc": -0.9512725121516719,
    "diamond": -0.9717874356325712,
    "fcc": -0.9630494349160214,
    "hcp": -0.9638577545005438,
    "sc": -0.8679008846569847
  },
  "Re": {
    "bcc": -12.113596382176102,
    "diamond": -10.840254588933249,
    "fcc": -12.366273138780073,
    "hcp": -12.440777710877668,
    "sc": -11.02700489599366
  },
  "Rh": {
    "bcc": -7.0106999081837245,
    "diamond": -6.2774260152426,
    "fcc": -7.341060680858156,
    "hcp": -7.307932443959791,
    "sc": -6.576518562230363
  },
  "Ru": {
    "bcc": -8.656054444061034,
    "diamond": -8.067266377020996,
    "fcc": -9.155977951709477,
    "hcp": -9.248768210320486,
    "sc": -8.098792351540167
  },
  "Sc": {
    "bcc": -6.231702586337482,
    "diamond": -4.355544639243873,
    "fcc": -6.281101024841645,
    "hcp": -6.323356455496205,
    "sc": -5.60041722562128
  },
  "Si": {
    "bcc": -4.918051724012059,
    "diamond": -5.421551295591008,
    "fcc": -4.887040982936444,
    "hcp": -4.909803731654022,
    "sc": -5.0799280590106655
  },
  "Sn": {
    "bcc": -3.9366834536893283,
    "diamond": -4.001911292102045,
    "fcc": -3.9462207592912506,
    "hcp": -3.945924809454275,
    "sc": -3.937683278046875
  },
  "Sr": {
    "bcc": -1.6767459468243269,
    "diamond": -0.7522216135185336,
    "fcc": -1.6848129266748273,
    "hcp": -1.681668896141276,
    "sc": -1.3060854729406786
  },
  "Ta": {
    "bcc": -11.850182962991337,
    "diamond": -8.99673864095757,
    "fcc": -11.603202064388014,
    "hcp": -11.555762513813576,
    "sc": -10.749930376787786
  },
  "Tc": {
    "bcc": -10.101423603231591,
    "diamond": -8.910398359950293,
    "fcc": -10.287609135401766,
    "hcp": -10.349144862059134,
    "sc": -9.362981558487228
  },
  "Ti": {
    "bcc": -7.79605910866547,
    "diamond": -5.800796297494012,
    "fcc": -7.835497772116893,
    "hcp": -7.876671327943034,
    "sc": -7.081879025126309
  },
  "Tl": {
    "bcc": -2.3563138888418083,
    "diamond": -2.003655538688836,
    "fcc": -2.3538157456917137,
    "hcp": -2.3566186857810356,
    "sc": -2.2369794520512634
  },
  "V": {
    "bcc": -9.097892442622062,
    "diamond": -6.831370354249847,
    "fcc": -8.854445662398724,
    "hcp": -8.83755991188054,
    "sc": -8.316049935083587
  },
  "W": {
    "bcc": -12.95419776060877,
    "diamond": -10.33054425089148,
    "fcc": -12.487324524194626,
    "hcp": -12.389127870477605,
    "sc": -11.516543255967386
  },
  "Y": {
    "bcc": -6.33947345828894,
    "diamond": -4.4671855297060645,
    "fcc": -6.435471896838703,
    "hcp": -6.456471194652675,
    "sc": -5.665852896788755
  },