{
  "Ag": {
    "bcc": -2.803496837615967,
    "diamond": -2.082932233810425,
    "fcc": -2.827580451965332,
    "hcp": -2.825773239135742,
    "sc": -2.4983506202697754
  },
  "Al": {
    "bcc": -3.6526172161102295,
    "diamond": -3.0944716930389404,
    "fcc": -3.7400004863739014,
    "hcp": -3.7203245162963867,
    "sc": -3.376067638397217
  },
  "Au": {
    "bcc": -3.2514452934265137,
    "diamond": -2.5554583072662354,
    "fcc": -3.275815725326538,
    "hcp": -3.2688143253326416,
    "sc": -3.071558713912964
  },
  "Ba": {
    "bcc": -1.9240514039993286,
    "diamond": -1.0379921197891235,
    "fcc": -1.9145948886871338,
    "hcp": -1.906003475189209,
    "sc": -1.626193642616272
  },
  "Be": {
    "bcc": -3.6417787075042725,
    "diamond": -2.116170644760132,
    "fcc": -3.687983751296997,
    "hcp": -3.720623254776001,
    "sc": -2.739546775817871
  },
  "Bi": {
    "bcc": -3.731441020965576,
    "diamond": -3.6814780235290527,
    "fcc": -3.7471184730529785,
    "hcp": -3.7422633171081543,
    "sc": -3.8314404487609863
  },
  "Ca": {
    "bcc": -1.9996174573898315,
    "diamond": -0.9600601196289062,
    "fcc": -1.9991925954818726,
    "hcp": -1.9987293481826782,
    "sc": -1.6126865148544312
  },
  "Cd": {
    "bcc": -0.8575716018676758,
    "diamond": -0.5761933922767639,
    "fcc": -0.8996075391769409,
    "hcp": -0.9043264389038086,
    "sc": -0.7803802490234375
  },
  "Co": {
    "bcc": -7.024571418762207,
    "diamond": -5.849459648132324,
    "fcc": -7.099804401397705,
    "hcp": -7.110569477081299,
    "sc": -6.305817127227783
  },
  "Cr": {
    "bcc": -9.647502899169922,
    "diamond": -7.48219633102417,
    "fcc": -9.266944885253906,
    "hcp": -9.194229125976562,
    "sc": -8.628754615783691
  },
  "Cs": {
    "bcc": -0.8809915781021118,
    "diamond": -0.8293115496635437,
    "fcc": -0.880929708480835,
    "hcp": -0.8801045417785645,
    "sc": -0.8813567161560059
  },
  "Cu": {
    "bcc": -4.065423965454102,
    "diamond": -3.0747523307800293,
    "fcc": -4.100915908813477,
    "hcp": -4.096261024475098,
    "sc": -3.6450085639953613
  },
  "Fe": {
    "bcc": -8.469633102416992,
    "diamond": -9.411903381347656,
    "fcc": -8.351922035217285,
    "hcp": -8.354580879211426,
    "sc": -7.73532772064209
  },
  "Ga": {
    "bcc": -3.004593849182129,
    "diamond": -2.8095383644104004,
    "fcc": -3.0108542442321777,
    "hcp": -3.0052859783172607,
    "sc": -2.9543628692626953
  },
  "Ge": {
    "bcc": -4.2672343254089355,
    "diamond": -4.61027193069458,
    "fcc": -4.281530857086182,
    "hcp": -4.265204906463623,
    "sc": -4.374109268188477
  },
  "Hf": {
    "bcc": -9.760979652404785,
    "diamond": -7.322211265563965,
    "fcc": -9.878355979919434,
    "hcp": -9.94471549987793,
    "sc": -8.941424369812012
  },
  "Hg": {
    "bcc": -0.3001655042171478,
    "diamond": -0.17643213272094727,
    "fcc": -0.30153173208236694,
    "hcp": -0.3021402657032013,
    "sc": -0.2983686327934265
  },
  "In": {
    "bcc": -2.7136969566345215,
    "diamond": -2.422760486602783,
    "fcc": -2.7237746715545654,
    "hcp": -2.7173359394073486,
    "sc": -2.6331796646118164
  },
  "Ir": {
    "bcc": -8.2403564453125,
    "diamond": -7.865560531616211,
    "fcc": -8.859878540039062,
    "hcp": -8.786711692810059,
    "sc": -7.900069236755371
  },
  "K": {
    "bcc": -1.0948749780654907,
    "diamond": -0.9179885983467102,
    "fcc": -1.0975751876831055,
    "hcp": -1.0945663452148438,
    "sc": -1.0098302364349365
  },
  "Li": {
    "bcc": -1.9080439805984497,
    "diamond": -1.3833625316619873,
    "fcc": -1.9024206399917603,
    "hcp": -1.9065731763839722,
    "sc": -1.773543119430542
  },
  "Mg": {
    "bcc": -1.576926589012146,
    "diamond": -0.8376408815383911,
    "fcc": -1.592685580253601,
    "hcp": -1.6016099452972412,
    "sc": -1.2117878198623657
  },
  "Mn": {
    "bcc": -9.083242416381836,
    "diamond": -7.782047271728516,
    "fcc": -9.081548690795898,
    "hcp": -9.108296394348145,
    "sc": -8.25719928741455
  },
  "Mo": {
    "bcc": -10.841917037963867,
    "diamond": -8.649900436401367,
    "fcc": -10.420902252197266,
    "hcp": -10.3857421875,
    "sc": -9.792470932006836
  },
  "Na": {
    "bcc": -1.3078638315200806,
    "diamond": -0.999096155166626,
    "fcc": -1.309552550315857,
    "hcp": -1.3094351291656494,
    "sc": -1.1970393657684326
  },
  "Nb": {
    "bcc": -10.070854187011719,
    "diamond": -7.638253211975098,
    "fcc": -9.773103713989258,
    "hcp": -9.726634979248047,
    "sc": -9.245073318481445
  },
  "Ni": {
    "bcc": -5.701507091522217,
    "diamond": -4.581303596496582,
    "fcc": -5.786661624908447,
    "hcp": -5.771836757659912,
    "sc": -5.069375038146973
  },
  "Os": {
    "bcc": -10.326143264770508,
    "diamond": -9.956134796142578,
    "fcc": -11.068936347961426,
    "hcp": -11.1897554397583,
    "sc": -9.677701950073242
  },
  "Pb": {
    "bcc": -3.6695785522460938,
    "diamond": -3.403343439102173,
    "fcc": -3.705099582672119,
    "hcp": -3.6938610076904297,
    "sc": -3.5157432556152344
  },
  "Pd": {
    "bcc": -5.135551452636719,
    "diamond": -4.108182430267334,
    "fcc": -5.183464527130127,
    "hcp": -5.165241241455078,
    "sc": -4.721322059631348
  },
  "Pt": {
    "bcc": -5.9524760246276855,
    "diamond": -4.97146463394165,
    "fcc": -6.051145076751709,
    "hcp": -5.9723005294799805,
    "sc": -5.633695125579834
  },
  "Rb": {
    "bcc": -0.9594786763191223,
    "diamond": -0.8680697083473206,
    "fcc": -0.9718469381332397,
    "hcp": -0.9685636162757874,
    "sc": -0.9071537852287292
  },
  "Re": {
    "bcc": -12.117274284362793,
    "diamond": -10.850422859191895,
    "fcc": -12.363384246826172,
    "hcp": -12.430414199829102,
    "sc": -11.043441772460938
  },
  "Rh": {
    "bcc": -7.006267070770264,
    "diamond": -6.219304084777832,
    "fcc": -7.3381547927856445,
    "hcp": -7.30410623550415,
    "sc": -6.54716157913208
  },
  "Ru": {
    "bcc": -8.657456398010254,
    "diamond": -8.117868423461914,
    "fcc": -9.164679527282715,
    "hcp": -9.263853073120117,
    "sc": -8.143677711486816
  },
  "Sc": {
    "bcc": -6.22404670715332,
    "diamond": -4.348837375640869,
    "fcc": -6.284815311431885,
    "hcp": -6.3272576332092285,
    "sc": -5.567354679107666
  },
  "Si": {
    "bcc": -11.783625602722168,
    "diamond": -5.414748191833496,
    "fcc": -10.215059280395508,
    "hcp": -10.888578414916992,
    "sc": -5.107436180114746
  },
  "Sn": {
    "bcc": -3.9318885803222656,
    "diamond": -3.994678497314453,
    "fcc": -3.947951316833496,
    "hcp": -3.937629222869873,
    "sc": -3.945607900619507
  },
  "Sr": {
    "bcc": -1.677437424659729,
    "diamond": -0.7466015815734863,
    "fcc": -1.68549382686615,
    "hcp": -1.6787164211273193,
    "sc": -1.3193316459655762
  },
  "Ta": {
    "bcc": -11.847085952758789,
    "diamond": -8.978842735290527,
    "fcc": -11.587130546569824,
    "hcp": -11.536367416381836,
    "sc": -10.755842208862305
  },
  "Tc": {
    "bcc": -10.095268249511719,
    "diamond": -8.91439437866211,
    "fcc": -10.28616714477539,
    "hcp": -10.358423233032227,
    "sc": -9.31128215789795
  },
  "Ti": {
    "bcc": -7.797968864440918,
    "diamond": -5.71866512298584,
    "fcc": -7.832937240600586,
    "hcp": -7.885627746582031,
    "sc": -7.216263771057129
  },
  "Tl": {
    "bcc": -2.359605073928833,
    "diamond": -2.0090150833129883,
    "fcc": -2.3566694259643555,
    "hcp": -2.3555068969726562,
    "sc": -2.2371692657470703
  },
  "V": {
    "bcc": -9.115653038024902,
    "diamond": -6.82715368270874,
    "fcc": -8.905035018920898,
    "hcp": -8.85350513458252,
    "sc": -8.36921501159668
  },
  "W": {
    "bcc": -12.94884204864502,
    "diamond": -10.381264686584473,
    "fcc": -12.463944435119629,
    "hcp": -12.411233901977539,
    "sc": -11.629323959350586
  },
  "Y": {
    "bcc": -6.33363151550293,
    "diamond": -4.540246963500977,
    "fcc": -6.433422565460205,
    "hcp": -6.4551239013671875,
    "sc": -5.677621841430664
  },