{
  "Ag": {
    "bcc": -2.6898531913757324,
    "diamond": -1.953001618385315,
    "fcc": -2.7170729637145996,
    "hcp": -2.716775417327881,
    "sc": -2.380451202392578
  },
  "Al": {
    "bcc": -3.6658337116241455,
    "diamond": -3.048386573791504,
    "fcc": -3.748694658279419,
    "hcp": -3.7248830795288086,
    "sc": -3.3752658367156982
  },
  "Au": {
    "bcc": -3.187150478363037,
    "diamond": -2.5445656776428223,
    "fcc": -3.2207717895507812,
    "hcp": -3.213926315307617,
    "sc": -3.0314087867736816
  },
  "Ba": {
    "bcc": -1.8751236200332642,
    "diamond": -1.2339608669281006,
    "fcc": -1.8900161981582642,
    "hcp": -1.883533000946045,
    "sc": -1.553868055343628
  },
  "Be": {
    "bcc": -3.6684279441833496,
    "diamond": -2.1247549057006836,
    "fcc": -3.680480480194092,
    "hcp": -3.7271158695220947,
    "sc": -2.774906635284424
  },
  "Bi": {
    "bcc": -3.7345705032348633,
    "diamond": -3.6566901206970215,
    "fcc": -3.7502498626708984,
    "hcp": -3.745072364807129,
    "sc": -3.810642719268799
  },
  "Ca": {
    "bcc": -1.922808289527893,
    "diamond": -0.9682842493057251,
    "fcc": -1.9279558658599854,
    "hcp": -1.9245244264602661,
    "sc": -1.5299838781356812
  },
  "Cd": {
    "bcc": -0.7043067216873169,
    "diamond": -0.4177032709121704,
    "fcc": -0.7353720664978027,
    "hcp": -0.7378671169281006,
    "sc": -0.6208178400993347
  },
  "Co": {
    "bcc": -6.960069179534912,
    "diamond": -5.797462463378906,
    "fcc": -7.020599842071533,
    "hcp": -7.038175106048584,
    "sc": -6.296422004699707
  },
  "Cr": {
    "bcc": -9.527194023132324,
    "diamond": -7.5509934425354,
    "fcc": -9.20571231842041,
    "hcp": -9.13686752319336,
    "sc": -8.539243698120117
  },
  "Cs": {
    "bcc": -0.9386934041976929,
    "diamond": -0.9339610934257507,
    "fcc": -0.9383246898651123,
    "hcp": -0.9383070468902588,
    "sc": -0.9392513036727905
  },
  "Cu": {
    "bcc": -3.7069644927978516,
    "diamond": -2.723747730255127,
    "fcc": -3.7435436248779297,
    "hcp": -3.739257335662842,
    "sc": -3.2893428802490234
  },
  "Fe": {
    "bcc": -8.303279876708984,
    "diamond": -6.950234889984131,
    "fcc": -8.209637641906738,
    "hcp": -8.20829963684082,
    "sc": -7.518540382385254
  },
  "Ga": {
    "bcc": -2.8776297569274902,
    "diamond": -2.6439321041107178,
    "fcc": -2.8955466747283936,
    "hcp": -2.887406349182129,
    "sc": -2.8355438709259033
  },
  "Ge": {
    "bcc": -7.941074371337891,
    "diamond": -4.470634460449219,
    "fcc": -7.12608528137207,
    "hcp": -6.498739242553711,
    "sc": -4.298367500305176
  },
  "Hf": {
    "bcc": -9.743524551391602,
    "diamond": -7.319469451904297,
    "fcc": -9.877328872680664,
    "hcp": -9.920350074768066,
    "sc": -8.98324966430664
  },
  "Hg": {
    "bcc": -0.17891891300678253,
    "diamond": -0.08955392241477966,
    "fcc": -0.178321972489357,
    "hcp": -0.17831674218177795,
    "sc": -0.1734439879655838
  },
  "In": {
    "bcc": -2.5418789386749268,
    "diamond": -2.2437503337860107,
    "fcc": -2.5546371936798096,
    "hcp": -2.550769329071045,
    "sc": -2.460541009902954
  },
  "Ir": {
    "bcc": -8.347200393676758,
    "diamond": -7.890659332275391,
    "fcc": -8.839624404907227,
    "hcp": -8.80974006652832,
    "sc": -7.773807525634766
  },
  "K": {
    "bcc": -1.054588794708252,
    "diamond": -0.9599205255508423,
    "fcc": -1.064443826675415,
    "hcp": -1.06342351436615,
    "sc": -1.0208290815353394
  },
  "Li": {
    "bcc": -1.9061158895492554,
    "diamond": -1.3777437210083008,
    "fcc": -1.9010963439941406,
    "hcp": -1.903821349143982,
    "sc": -1.7737138271331787
  },
  "Mg": {
    "bcc": -1.4793609380722046,
    "diamond": -0.7266097068786621,
    "fcc": -1.5006991624832153,
    "hcp": -1.504908561706543,
    "sc": -1.1173901557922363
  },
  "Mn": {
    "bcc": -8.95152473449707,
    "diamond": -7.645802021026611,
    "fcc": -8.96182918548584,
    "hcp": -8.970818519592285,
    "sc": -8.13180923461914
  },
  "Mo": {
    "bcc": -10.937116622924805,
    "diamond": -8.767233848571777,
    "fcc": -10.528736114501953,
    "hcp": -10.497827529907227,
    "sc": -9.852206230163574
  },
  "Na": {
    "bcc": -1.3006068468093872,
    "diamond": -1.0081157684326172,
    "fcc": -1.3032591342926025,
    "hcp": -1.3025104999542236,
    "sc": -1.1941057443618774
  },
  "Nb": {
    "bcc": -10.119728088378906,
    "diamond": -7.619056701660156,
    "fcc": -9.815006256103516,
    "hcp": -9.778310775756836,
    "sc": -9.357128143310547
  },
  "Ni": {
    "bcc": -5.414177894592285,
    "diamond": -4.289307594299316,
    "fcc": -5.492098808288574,
    "hcp": -5.484183311462402,
    "sc": -4.7917633056640625
  },
  "Os": {
    "bcc": -10.445542335510254,
    "diamond": -9.910937309265137,
    "fcc": -11.08899974822998,
    "hcp": -11.213966369628906,
    "sc": -9.602973937988281
  },
  "Pb": {
    "bcc": -3.530270576477051,
    "diamond": -3.236722230911255,
    "fcc": -3.5600743293762207,
    "hcp": -3.5560526847839355,
    "sc": -3.3757824897766113
  },
  "Pd": {
    "bcc": -5.1597442626953125,
    "diamond": -4.125144004821777,
    "fcc": -5.2022857666015625,
    "hcp": -5.187839031219482,
    "sc": -4.707738876342773
  },
  "Pt": {
    "bcc": -5.995070934295654,
    "diamond": -5.030486106872559,
    "fcc": -6.083265781402588,
    "hcp": -6.033174514770508,
    "sc": -5.644711971282959
  },
  "Rb": {
    "bcc": -0.9670206904411316,
    "diamond": -0.9449560642242432,
    "fcc": -0.9697039127349854,
    "hcp": -0.9693062901496887,
    "sc": -0.9638674855232239
  },
  "Re": {
    "bcc": -12.1162691116333,
    "diamond": -10.740641593933105,
    "fcc": -12.336540222167969,
    "hcp": -12.409825325012207,
    "sc": -10.954075813293457
  },
  "Rh": {
    "bcc": -6.962987422943115,
    "diamond": -6.170866966247559,
    "fcc": -7.250563621520996,
    "hcp": -7.229599952697754,
    "sc": -6.377950668334961
  },
  "Ru": {
    "bcc": -8.686678886413574,
    "diamond": -8.089862823486328,
    "fcc": -9.126688957214355,
    "hcp": -9.218348503112793,
    "sc": -8.014586448669434
  },
  "Sc": {
    "bcc": -6.153726577758789,
    "diamond": -4.296365737915039,
    "fcc": -6.208837509155273,
    "hcp": -6.238847255706787,
    "sc": -5.521135330200195
  },
  "Si": {
    "bcc": -4.740602016448975,
    "diamond": -5.427772521972656,
    "fcc": -4.36345911026001,
    "hcp": -4.907602310180664,
    "sc": -5.133144378662109
  },
  "Sn": {
    "bcc": -3.7731473445892334,
    "diamond": -3.803938865661621,
    "fcc": -3.7872474193573,
    "hcp": -3.7814481258392334,
    "sc": -3.77840256690979
  },
  "Sr": {
    "bcc": -1.6234444379806519,
    "diamond": -0.8942745327949524,
    "fcc": -1.6361955404281616,
    "hcp": -1.6304993629455566,
    "sc": -1.2656667232513428
  },
  "Ta": {
    "bcc": -11.818312644958496,
    "diamond": -8.969075202941895,
    "fcc": -11.581634521484375,
    "hcp": -11.552191734313965,
    "sc": -10.87368392944336
  },
  "Tc": {
    "bcc": -10.132736206054688,
    "diamond": -8.925590515136719,
    "fcc": -10.272099494934082,
    "hcp": -10.36898422241211,
    "sc": -9.26602840423584
  },
  "Ti": {
    "bcc": -7.720929145812988,
    "diamond": -5.533768653869629,
    "fcc": -7.7582597732543945,
    "hcp": -7.8039398193359375,
    "sc": -7.126686096191406
  },
  "Tl": {
    "bcc": -2.219428062438965,
    "diamond": -1.8758054971694946,
    "fcc": -2.21917724609375,
    "hcp": -2.219095468521118,
    "sc": -2.088655710220337
  },
  "V": {
    "bcc": -8.927210807800293,
    "diamond": -6.570595741271973,
    "fcc": -8.712735176086426,
    "hcp": -8.68593978881836,
    "sc": -8.377728462219238
  },
  "W": {
    "bcc": -12.954556465148926,
    "diamond": -10.480130195617676,
    "fcc": -12.535608291625977,
    "hcp": -12.462397575378418,
    "sc": -11.577836990356445
  },
  "Y": {
    "bcc": -6.304756164550781,
    "diamond": -4.443577289581299,
    "fcc": -6.40389347076416,
    "hcp": -6.41977596282959,
    "sc": -5.632890224456787
  },