{
  "Ag": {
    "bcc": -2.794820015835812,
    "diamond": -2.002821437852039,
    "fcc": -2.8296123075152666,
    "hcp": -2.8261812574762595,
    "sc": -2.4612646581567668
  },
  "Al": {
    "bcc": -3.6706798125600506,
    "diamond": -3.140822958687798,
    "fcc": -3.715459072665962,
    "hcp": -3.703215151170712,
    "sc": -3.4309313038068243
  },
  "Au": {
    "bcc": -3.215929613109946,
    "diamond": -2.5374705526050256,
    "fcc": -3.27254815967916,
    "hcp": -3.259099346769008,
    "sc": -2.9873578858860785
  },
  "Ba": {
    "bcc": -1.8934578053870672,
    "diamond": -1.1060039648180084,
    "fcc": -1.9209873465993208,
    "hcp": -1.9205174356524743,
    "sc": -1.6290618768575182
  },
  "Be": {
    "bcc": -3.6659142872565975,
    "diamond": -2.254242768203174,
    "fcc": -3.6741691201048283,
    "hcp": -3.711279851457975,
    "sc": -3.0527590380748078
  },
  "Bi": {
    "bcc": -3.736185438400002,
    "diamond": -3.769990625251223,
    "fcc": -3.76169210840401,
    "hcp": -3.751010084330554,
    "sc": -3.838212229685933
  },
  "Ca": {
    "bcc": -1.9859156946120808,
    "diamond": -1.0272373227365261,
    "fcc": -1.994193860997632,
    "hcp": -1.9925388880399977,
    "sc": -1.612132764210271
  },
  "Cd": {
    "bcc": -0.8624119533201018,
    "diamond": -0.565457752950248,
    "fcc": -0.898654384639421,
    "hcp": -0.8984593305766514,
    "sc": -0.7443981357010772
  },
  "Co": {
    "bcc": -7.024008590192441,
    "diamond": -5.896769988992082,
    "fcc": -7.071340031970115,
    "hcp": -7.040465681342598,
    "sc": -6.292182837899217
  },
  "Cr": {
    "bcc": -9.613982034730189,
    "diamond": -7.720946740555755,
    "fcc": -9.515524902627899,
    "hcp": -9.16509187741526,
    "sc": -8.315354707554253
  },
  "Cs": {
    "bcc": -0.8456787885520294,
    "diamond": -0.8239982630317791,
    "fcc": -0.8540778200655667,
    "hcp": -0.8540783654718388,
    "sc": -0.8380371023300714
  },
  "Cu": {
    "bcc": -4.057656506795476,
    "diamond": -3.0420033339585073,
    "fcc": -4.100685082875849,
    "hcp": -4.097582054868875,
    "sc": -3.5761385031412596
  },
  "Fe": {
    "bcc": -8.384881993434707,
    "diamond": -7.10507097364286,
    "fcc": -8.361707253201946,
    "hcp": -8.303101431656028,
    "sc": -7.66477884887329
  },
  "Ga": {
    "bcc": -3.0048282597591314,
    "diamond": -2.7517755674244206,
    "fcc": -3.0144894325171467,
    "hcp": -2.996034641052587,
    "sc": -2.972363176734309
  },
  "Ge": {
    "bcc": -4.266065793461925,
    "diamond": -4.608638872883434,
    "fcc": -4.272182285473459,
    "hcp": -4.265576762218846,
    "sc": -4.401688485305456
  },
  "Hf": {
    "bcc": -9.846738418723623,
    "diamond": -7.497528875624139,
    "fcc": -9.872231621015988,
    "hcp": -9.955162937238796,
    "sc": -9.071977768613753
  },
  "Hg": {
    "bcc": -0.29514223523689237,
    "diamond": -0.2018182391588377,
    "fcc": -0.2983947684709545,
    "hcp": -0.29906198223067904,
    "sc": -0.27543645329343125
  },
  "In": {
    "bcc": -2.706196787495803,
    "diamond": -2.414722840749923,
    "fcc": -2.726411503166058,
    "hcp": -2.7144934015158535,
    "sc": -2.6182775122149264
  },
  "Ir": {
    "bcc": -8.668177629996396,
    "diamond": -7.556111250861246,
    "fcc": -8.861769868256134,
    "hcp": -8.862213977722888,
    "sc": -7.864737125621511
  },
  "K": {
    "bcc": -1.0771923819785965,
    "diamond": -0.8478933674533,
    "fcc": -1.091609722932916,
    "hcp": -1.0916014548309478,
    "sc": -0.9646976861524456
  },
  "Li": {
    "bcc": -1.9031763137313056,
    "diamond": -1.395349165779034,
    "fcc": -1.9030348443453686,
    "hcp": -1.9031588800359975,
    "sc": -1.778911277349217
  },
  "Mg": {
    "bcc": -1.604246982467898,
    "diamond": -0.845030347570478,
    "fcc": -1.6107526233472513,
    "hcp": -1.6237985830516952,
    "sc": -1.176311091756852
  },
  "Mn": {
    "bcc": -9.047477722688095,
    "diamond": -7.938490777427742,
    "fcc": -9.092638756119241,
    "hcp": -9.140966029918381,
    "sc": -8.230004954051406
  },
  "Mo": {
    "bcc": -10.796551211511318,
    "diamond": -8.868922786133972,
    "fcc": -10.612375063638396,
    "hcp": -10.407401237020224,
    "sc": -9.498960523099896
  },
  "Na": {
    "bcc": -1.3067887632256354,
    "diamond": -0.9562262770909671,
    "fcc": -1.3110953902892606,
    "hcp": -1.311016348612383,
    "sc": -1.1897780617576164
  },
  "Nb": {
    "bcc": -10.094054021876763,
    "diamond": -8.06629215708974,
    "fcc": -10.060692359735242,
    "hcp": -9.659911441328928,
    "sc": -9.135779164423509
  },
  "Ni": {
    "bcc": -5.690764170134034,
    "diamond": -4.56622365933776,
    "fcc": -5.763078250271079,
    "hcp": -5.7749702305025,
    "sc": -5.072075599366732
  },
  "Os": {
    "bcc": -10.921730446740783,
    "diamond": -9.556325932829363,
    "fcc": -11.09568686656956,
    "hcp": -11.21472466642399,
    "sc": -9.7883241407084
  },
  "Pb": {
    "bcc": -3.6749000177847133,
    "diamond": -3.4504499179592165,
    "fcc": -3.6947925965346937,
    "hcp": -3.685664349432572,
    "sc": -3.566898348898126
  },
  "Pd": {
    "bcc": -5.120097732574742,
    "diamond": -4.184145428437084,
    "fcc": -5.1815515381134425,
    "hcp": -5.153290769449315,
    "sc": -4.709377752599045
  },
  "Pt": {
    "bcc": -5.920543128141773,
    "diamond": -4.910194227859153,
    "fcc": -6.060146504823352,
    "hcp": -6.045550193658071,
    "sc": -5.512935038428925
  },
  "Rb": {
    "bcc": -0.9394334692495616,
    "diamond": -0.8497545270057754,
    "fcc": -0.9632922215964486,
    "hcp": -0.9632901244914335,
    "sc": -0.9093552295491172
  },
  "Re": {
    "bcc": -12.280528880053517,
    "diamond": -10.757541542549443,
    "fcc": -12.398481563631517,
    "hcp": -12.44096412906767,
    "sc": -11.094321378056954
  },
  "Rh": {
    "bcc": -7.196185320198819,
    "diamond": -6.108440334651793,
    "fcc": -7.334600570410542,
    "hcp": -7.339343844262276,
    "sc": -6.584351946770969
  },
  "Ru": {
    "bcc": -9.052806344318869,
    "diamond": -8.032760975133087,
    "fcc": -9.16173749130597,
    "hcp": -9.259868450387879,
    "sc": -8.216117490843358
  },
  "Sc": {
    "bcc": -6.2432469543922515,
    "diamond": -4.237037983160074,
    "fcc": -6.250092356002184,
    "hcp": -6.323367100353784,
    "sc": -5.622314162093044
  },
  "Si": {
    "bcc": -4.878009705187269,
    "diamond": -5.426735436177246,
    "fcc": -4.913781764792001,
    "hcp": -4.9311827540030615,
    "sc": -5.145081430641588
  },
  "Sn": {
    "bcc": -3.9368897922114168,
    "diamond": -4.006385883049372,
    "fcc": -3.955842866547096,
    "hcp": -3.944345460495131,
    "sc": -3.9549852047085547
  },
  "Sr": {
    "bcc": -1.6604871579473448,
    "diamond": -0.9337035330648915,
    "fcc": -1.6776222738196713,
    "hcp": -1.6765739723384396,
    "sc": -1.3036611298206207
  },
  "Ta": {
    "bcc": -11.856227559326022,
    "diamond": -9.09507034830568,
    "fcc": -11.891550640448212,
    "hcp": -11.816363766707525,
    "sc": -10.737697483209326
  },
  "Tc": {
    "bcc": -10.23703852325539,
    "diamond": -9.194615922905978,
    "fcc": -10.3027886891465,
    "hcp": -10.351037063017174,
    "sc": -9.337310453645252
  },
  "Ti": {
    "bcc": -7.8010841700846445,
    "diamond": -6.411031192500769,
    "fcc": -7.784451368580333,
    "hcp": -7.869799402433056,
    "sc": -7.353215342195502
  },
  "Tl": {
    "bcc": -2.357625596826356,
    "diamond": -1.9340883299730374,
    "fcc": -2.358609733667266,
    "hcp": -2.3591171774742543,
    "sc": -2.219378978664266
  },
  "V": {
    "bcc": -9.07526088729882,
    "diamond": -7.2411624734299105,
    "fcc": -9.017142020841385,
    "hcp": -8.876505327435737,
    "sc": -8.085493447388847
  },
  "W": {
    "bcc": -12.943010239821048,
    "diamond": -10.2069523665096,
    "fcc": -12.860554743780407,
    "hcp": -12.5124968666881,
    "sc": -11.42522776007078
  },
  "Y": {
    "bcc": -6.396856710028777,
    "diamond": -4.742471664576662,
    "fcc": -6.439480709075475,
    "hcp": -6.464868558553021,
    "sc": -5.773306513522709
  },