{
  "Ag": {
    "bcc": 3.324307284201966,
    "diamond": 6.161869790641077,
    "fcc": 4.166929028886702,
    "hcp": 2.948559872126187,
    "sc": 2.7863463642831654
  },
  "Al": {
    "bcc": 3.244507212485054,
    "diamond": 6.139162265279999,
    "fcc": 4.0652259974968,
    "hcp": 2.8883555153447276,
    "sc": 2.7231658691582794
  },
  "Au": {
    "bcc": 3.330991438825527,
    "diamond": 6.283528374551337,
    "fcc": 4.166935404634154,
    "hcp": 2.951827753472568,
    "sc": 2.7721999027567046
  },
  "Ba": {
    "bcc": 5.009293114129793,
    "diamond": 9.50991778966733,
    "fcc": 6.390721815564183,
    "hcp": 4.521842705431076,
    "sc": 3.8652742074503244
  },
  "Be": {
    "bcc": 2.5321567608138245,
    "diamond": 4.721356863799852,
    "fcc": 3.161172209163705,
    "hcp": 2.240186888048995,
    "sc": 2.06246264916598
  },
  "Bi": {
    "bcc": 3.9842891611173084,
    "diamond": 7.259369716328297,
    "fcc": 5.016344336620385,
    "hcp": 3.5431230142220094,
    "sc": 3.2886805403606942
  },
  "Ca": {
    "bcc": 4.392460647025753,
    "diamond": 8.413464368980346,
    "fcc": 5.544335204838437,
    "hcp": 3.9220448690044014,
    "sc": 3.5181348919514543
  },
  "Cd": {
    "bcc": 3.589898255085709,
    "diamond": 6.697459726452828,
    "fcc": 4.504963225684923,
    "hcp": 3.1798419510659337,
    "sc": 2.9721800541694994
  },
  "Co": {
    "bcc": 2.803346515526627,
    "diamond": 4.948325326805302,
    "fcc": 3.5178549601380644,
    "hcp": 2.512824505919586,
    "sc": 2.370121242218726
  },
  "Cr": {
    "bcc": 2.863276877404947,
    "diamond": 5.18737664984041,
    "fcc": 3.6304174772866977,
    "hcp": 2.5579170926756616,
    "sc": 2.2897758608662566
  },
  "Cs": {
    "bcc": 6.192588703923303,
    "diamond": 11.968085890157083,
    "fcc": 7.706680410544208,
    "hcp": 5.44919056353526,
    "sc": 5.291999644003162
  },
  "Cu": {
    "bcc": 2.8837175257108045,
    "diamond": 5.3316224454789,
    "fcc": 3.6239014956694513,
    "hcp": 2.560865903962217,
    "sc": 2.443423138081495
  },
  "Fe": {
    "bcc": 2.859854337297558,
    "diamond": 4.974985123399194,
    "fcc": 3.600121500481529,
    "hcp": 2.6213326377697204,
    "sc": 2.374564285047411
  },
  "Ga": {
    "bcc": 3.367026221557765,
    "diamond": 5.757531019673067,
    "fcc": 4.218360995609242,
    "hcp": 2.992178554135265,
    "sc": 2.708884583665481
  },
  "Ge": {
    "bcc": 3.3793776934668207,
    "diamond": 5.74606962134913,
    "fcc": 4.254291404422535,
    "hcp": 3.0079999738451173,
    "sc": 2.702947814689579
  },
  "Hf": {
    "bcc": 3.555094548806488,
    "diamond": 6.211431910221397,
    "fcc": 4.47268159290455,
    "hcp": 3.168384218715859,
    "sc": 2.879813006627951
  },
  "Hg": {
    "bcc": 3.9604806365489953,
    "diamond": 7.109856293504297,
    "fcc": 4.863841564742062,
    "hcp": 3.4591010806355658,
    "sc": 3.181258445204357
  },
  "In": {
    "bcc": 3.799313675864473,
    "diamond": 6.684883887185003,
    "fcc": 4.775526417632551,
    "hcp": 3.389266352894529,
    "sc": 3.0948783546469842
  },
  "Ir": {
    "bcc": 3.091072200733288,
    "diamond": 5.64927642453232,
    "fcc": 3.8748210008151083,
    "hcp": 2.7382338581313332,
    "sc": 2.5901704914486094
  },
  "K": {
    "bcc": 5.171490509892398,
    "diamond": 10.166759214993082,
    "fcc": 6.625448150608935,
    "hcp": 4.682234018259618,
    "sc": 4.469988268640501
  },
  "Li": {
    "bcc": 3.4729990484331146,
    "diamond": 5.866681663803481,
    "fcc": 4.3745131799243575,
    "hcp": 3.088947157230629,
    "sc": 2.7500155494782508
  },
  "Mg": {
    "bcc": 3.6049224661815087,
    "diamond": 6.865697194941354,
    "fcc": 4.5312356598506,
    "hcp": 3.1981819117389896,
    "sc": 3.051487746688552
  },
  "Mn": {
    "bcc": 2.779575706875443,
    "diamond": 5.036129447639671,
    "fcc": 3.510838959686503,
    "hcp": 2.4753309157673415,
    "sc": 2.4792207919785056
  },
  "Mo": {
    "bcc": 3.182957374477262,
    "diamond": 5.640509060487715,
    "fcc": 4.072069900217867,
    "hcp": 2.8626376366526634,
    "sc": 2.641178012566105
  },
  "Na": {
    "bcc": 4.207784844484811,
    "diamond": 7.195844992694133,
    "fcc": 5.289457413981684,
    "hcp": 3.7428682589934383,
    "sc": 3.4259955275717098
  },
  "Nb": {
    "bcc": 3.32256694019751,
    "diamond": 5.903121190243551,
    "fcc": 4.201689568662765,
    "hcp": 3.0447221725370808,
    "sc": 2.7101233154030107
  },
  "Ni": {
    "bcc": 2.775595948023327,
    "diamond": 5.052253984333638,
    "fcc": 3.493776214399225,
    "hcp": 2.4683968134972036,
    "sc": 2.377330836288588
  },
  "Os": {
    "bcc": 3.0727602386703126,
    "diamond": 5.63655307859212,
    "fcc": 3.8634418885988873,
    "hcp": 2.727575429058701,
    "sc": 2.5870041192827045
  },
  "Pb": {
    "bcc": 4.003841219926557,
    "diamond": 7.050598408491371,
    "fcc": 5.030956816683729,
    "hcp": 3.561841783113496,
    "sc": 3.2761664669261847
  },
  "Pd": {
    "bcc": 3.161205938829966,
    "diamond": 5.756940536904565,
    "fcc": 3.961575512698341,
    "hcp": 2.8047711312138905,
    "sc": 2.62052502900728
  },
  "Pt": {
    "bcc": 3.176812952427386,
    "diamond": 5.690218610854448,
    "fcc": 3.9793136882364974,
    "hcp": 2.813251906039551,
    "sc": 2.6383275094325604
  },
  "Rb": {
    "bcc": 5.76053096018775,
    "diamond": 10.98425645792233,
    "fcc": 7.282214379226097,
    "hcp": 5.148965469639465,
    "sc": 4.908073203899631
  },
  "Re": {
    "bcc": 3.121502079048963,
    "diamond": 5.661331230180676,
    "fcc": 3.9242778533478413,
    "hcp": 2.77269809532931,
    "sc": 2.5956974385269653
  },
  "Rh": {
    "bcc": 3.0659697042153042,
    "diamond": 5.561639558983738,
    "fcc": 3.8508487075029905,
    "hcp": 2.7220031515326575,
    "sc": 2.5730687458031536
  },
  "Ru": {
    "bcc": 3.0318062100760517,
    "diamond": 5.459950794843664,
    "fcc": 3.8197052404663414,
    "hcp": 2.698676838412071,
    "sc": 2.5394506494607265
  },
  "Sc": {
    "bcc": 3.665603152505226,
    "diamond": 6.583270359451021,
    "fcc": 4.625512703680747,
    "hcp": 3.271197466448496,
    "sc": 2.9318842582943594
  },
  "Si": {
    "bcc": 3.0821289696749523,
    "diamond": 5.463613560323758,
    "fcc": 3.8631831338913223,
    "hcp": 2.705850671464996,
    "sc": 2.51942822967739
  },
  "Sn": {
    "bcc": 3.8121520701725853,
    "diamond": 6.723170508120801,
    "fcc": 4.790457920151127,
    "hcp": 3.3837116248658936,
    "sc": 3.0932938741787925
  },
  "Sr": {
    "bcc": 4.751482227236979,
    "diamond": 9.018305797142952,
    "fcc": 6.048400716421103,
    "hcp": 4.279359088378005,
    "sc": 3.849658687773305
  },
  "Ta": {
    "bcc": 3.3212683555866436,
    "diamond": 5.994192720024284,
    "fcc": 4.180590210866815,
    "hcp": 2.950786424836428,
    "sc": 2.7511097007123406
  },
  "Tc": {
    "bcc": 3.078892762066514,
    "diamond": 5.534091729066879,
    "fcc": 3.8799524898929447,
    "hcp": 2.7425887623628213,
    "sc": 2.55749008191981
  },
  "Ti": {
    "bcc": 3.2750576848062347,
    "diamond": 5.654950559912511,
    "fcc": 4.105230426369266,
    "hcp": 2.9120278161620745,
    "sc": 2.6134007109406374
  },
  "Tl": {
    "bcc": 4.013730052498664,
    "diamond": 7.1068916650025855,
    "fcc": 4.994640652596387,
    "hcp": 3.540388919481397,
    "sc": 3.235249547690946
  },
  "V": {
    "bcc": 2.9975532639599516,
    "diamond": 5.419941767241278,
    "fcc": 3.786082894728921,
    "hcp": 2.6436227472202,
    "sc": 2.4750143290637663
  },
  "W": {
    "bcc": 3.1973268886966313,
    "diamond": 5.864800861849889,
    "fcc": 4.059733504495841,
    "hcp": 2.861115975593325,
    "sc": 2.649675612282289
  },
  "Y": {
    "bcc": 4.000997564979727,
    "diamond": 7.322847577934921,
    "fcc": 5.060716111681214,
    "hcp": 3.57422314696218,
    "sc": 3.3172011531126877
  },
  "Zn": {
    "bcc": 3.136138415387024,
    "diamond": 5.84013485259846,
    "fcc": 3.924896579545105,
    "hcp": 2.775935145213734,
    "sc": 2.6177168360580514
  },
  "Zr": {
    "bcc": 3.6174101707808908,
    "diamond": 6.078219738883515,