{
  "Ag": {
    "bcc": 3.303267298146445,
    "diamond": 6.223651369349012,
    "fcc": 4.1474858658143425,
    "hcp": 2.9330085156730377,
    "sc": 2.747138813333035
  },
  "Al": {
    "bcc": 3.2284972275445893,
    "diamond": 6.038537044080107,
    "fcc": 4.033198710010705,
    "hcp": 2.8604281349759018,
    "sc": 2.7117082543937543
  },
  "Au": {
    "bcc": 3.3077767249318746,
    "diamond": 6.165912340689752,
    "fcc": 4.153810680383089,
    "hcp": 2.938695000573821,
    "sc": 2.7352299338056247
  },
  "Ba": {
    "bcc": 5.074677148480955,
    "diamond": 10.562106823874064,
    "fcc": 6.41327441936692,
    "hcp": 4.542206193211564,
    "sc": 4.3981461750194
  },
  "Be": {
    "bcc": 2.505457668977165,
    "diamond": 4.906007648813013,
    "fcc": 3.179062453155575,
    "hcp": 2.244304432036399,
    "sc": 2.19218098141412
  },
  "Bi": {
    "bcc": 3.9623199325585334,
    "diamond": 7.247232660590114,
    "fcc": 5.004463779558401,
    "hcp": 3.537119289064601,
    "sc": 3.2758626330479026
  },
  "Ca": {
    "bcc": 4.386515099431826,
    "diamond": 8.881942858828625,
    "fcc": 5.525505115902543,
    "hcp": 3.90912496170521,
    "sc": 3.596406333076859
  },
  "Cd": {
    "bcc": 3.600672773788933,
    "diamond": 6.688824701205355,
    "fcc": 4.50034841153903,
    "hcp": 3.1804183796980046,
    "sc": 2.99789454621534
  },
  "Co": {
    "bcc": 2.8029723843531573,
    "diamond": 5.062615525893699,
    "fcc": 3.5171613792420287,
    "hcp": 2.478986292081524,
    "sc": 2.3374025242447254
  },
  "Cr": {
    "bcc": 2.8550013489167045,
    "diamond": 5.211386286919758,
    "fcc": 3.5641355072386895,
    "hcp": 2.5552617375820184,
    "sc": 2.341617272762916
  },
  "Cs": {
    "bcc": 6.524282908094495,
    "diamond": 12.53170714651133,
    "fcc": 8.131132427359013,
    "hcp": 5.749731349247088,
    "sc": 5.5600418316835025
  },
  "Cu": {
    "bcc": 2.8898708803526985,
    "diamond": 5.371784152159055,
    "fcc": 3.6331231976926617,
    "hcp": 2.5703782922754894,
    "sc": 2.4002503557809183
  },
  "Fe": {
    "bcc": 2.8460233958139236,
    "diamond": 4.865779575653132,
    "fcc": 3.3847687243016367,
    "hcp": 2.3894913294632647,
    "sc": 2.3572781873432613
  },
  "Ga": {
    "bcc": 3.350091618092463,
    "diamond": 5.8932092249936385,
    "fcc": 4.201383359925087,
    "hcp": 2.9830236687057914,
    "sc": 2.7060154836562655
  },
  "Ge": {
    "bcc": 2.4887728895072696,
    "diamond": 5.720950118604044,
    "fcc": 3.128606958626357,
    "hcp": 2.238240255491752,
    "sc": 2.6980067803898815
  },
  "Hf": {
    "bcc": 3.5714184364736634,
    "diamond": 6.386818337488046,
    "fcc": 4.431422908878166,
    "hcp": 3.149083892513821,
    "sc": 2.870623833368559
  },
  "Hg": {
    "bcc": 3.9233544933720834,
    "diamond": 7.206029072133538,
    "fcc": 4.9496276161765556,
    "hcp": 3.501047239532232,
    "sc": 3.1476750092723784
  },
  "In": {
    "bcc": 3.8046829098508264,
    "diamond": 6.766280197887015,
    "fcc": 4.781165079175889,
    "hcp": 3.3826908439591095,
    "sc": 3.0927443022627594
  },
  "Ir": {
    "bcc": 3.0977810198329587,
    "diamond": 5.5578175261067955,
    "fcc": 3.8537762086622664,
    "hcp": 2.733124250763027,
    "sc": 2.5634783335593467
  },
  "K": {
    "bcc": 5.4558068419295624,
    "diamond": 10.824563934316629,
    "fcc": 6.948640470825815,
    "hcp": 4.9193783955723,
    "sc": 4.76200991824447
  },
  "Li": {
    "bcc": 3.422537605178704,
    "diamond": 5.912066756501768,
    "fcc": 4.316920829688072,
    "hcp": 3.0506573117361317,
    "sc": 2.715196603241511
  },
  "Mg": {
    "bcc": 3.563503988597522,
    "diamond": 6.853944689302953,
    "fcc": 4.496174404268459,
    "hcp": 3.1782605990520727,
    "sc": 3.0118722004251
  },
  "Mn": {
    "bcc": 2.8187285461301363,
    "diamond": 5.00154686545208,
    "fcc": 3.5432462146663553,
    "hcp": 2.4978030282617794,
    "sc": 2.3409656133989474
  },
  "Mo": {
    "bcc": 3.1510730818841095,
    "diamond": 5.7133758062673765,
    "fcc": 4.018398771074044,
    "hcp": 2.846820171145236,
    "sc": 2.5896187163258624
  },
  "Na": {
    "bcc": 4.23891049528656,
    "diamond": 7.835964802027128,
    "fcc": 5.333431116300032,
    "hcp": 3.765512570802335,
    "sc": 3.5002163480766906
  },
  "Nb": {
    "bcc": 3.3071893828610404,
    "diamond": 6.0055689685751545,
    "fcc": 4.21232450540426,
    "hcp": 2.9877333713603047,
    "sc": 2.7104176092154737
  },
  "Ni": {
    "bcc": 2.8006450534168046,
    "diamond": 5.096075063996494,
    "fcc": 3.5217043760870057,
    "hcp": 2.4886556165889244,
    "sc": 2.337642915006847
  },
  "Os": {
    "bcc": 3.087247414011176,
    "diamond": 5.571779602872709,
    "fcc": 3.8562165915434288,
    "hcp": 2.730023950604096,
    "sc": 2.562061885033431
  },
  "Pb": {
    "bcc": 3.988129364303914,
    "diamond": 7.042566207909675,
    "fcc": 5.0227287432910055,
    "hcp": 3.5524304904145794,
    "sc": 3.253598315509061
  },
  "Pd": {
    "bcc": 3.149735642442865,
    "diamond": 5.7878211266531565,
    "fcc": 3.9448866278190566,
    "hcp": 2.7969402248582074,
    "sc": 2.5892108896891086
  },
  "Pt": {
    "bcc": 3.1665685218348045,
    "diamond": 5.750655777206126,
    "fcc": 3.9601235761166746,
    "hcp": 2.8106558033680793,
    "sc": 2.617137367531895
  },
  "Rb": {
    "bcc": 6.181607241243555,
    "diamond": 11.906388430123007,
    "fcc": 7.813573882408044,
    "hcp": 5.531476805922203,
    "sc": 5.203383624496269
  },
  "Re": {
    "bcc": 3.110299615222256,
    "diamond": 5.641390115819473,
    "fcc": 3.905680823564197,
    "hcp": 2.769767377062692,
    "sc": 2.585390135861499
  },
  "Rh": {
    "bcc": 3.0665221148454984,
    "diamond": 5.4965455804267105,
    "fcc": 3.81579114784454,
    "hcp": 2.700523883522829,
    "sc": 2.528018370333402
  },
  "Ru": {
    "bcc": 3.0339857325699464,
    "diamond": 5.452158536307044,
    "fcc": 3.801469986153262,
    "hcp": 2.6880535088507806,
    "sc": 2.5191542973683663
  },
  "Sc": {
    "bcc": 3.6580538605328465,
    "diamond": 6.742401226596951,
    "fcc": 4.61417142668655,
    "hcp": 3.251264812415801,
    "sc": 2.955810498873274
  },
  "Si": {
    "bcc": 2.51639432221877,
    "diamond": 5.422961498831856,
    "fcc": 3.2447730401507915,
    "hcp": 2.7022113393808316,
    "sc": 2.5096651997360726
  },
  "Sn": {
    "bcc": 3.797990272160276,
    "diamond": 6.630861544851601,
    "fcc": 4.783083110682417,
    "hcp": 3.385663754940554,
    "sc": 3.071884365289897
  },
  "Sr": {
    "bcc": 4.7900012693599185,
    "diamond": 9.850166501698816,
    "fcc": 6.074372626306332,
    "hcp": 4.3007388862128515,
    "sc": 3.944901424843795
  },
  "Ta": {
    "bcc": 3.315100249948085,
    "diamond": 6.012134631057234,
    "fcc": 4.2113201703241385,
    "hcp": 2.98672185876759,
    "sc": 2.7234076431546006
  },
  "Tc": {
    "bcc": 3.0732763694031204,
    "diamond": 5.515628348582824,
    "fcc": 3.8739365648356636,
    "hcp": 2.742073743747664,
    "sc": 2.5341664479289046
  },
  "Ti": {
    "bcc": 3.2281126828185593,
    "diamond": 5.485083270517565,
    "fcc": 4.0636866399208085,
    "hcp": 2.8651944395225435,
    "sc": 2.605094399189831
  },
  "Tl": {
    "bcc": 3.98383796009739,
    "diamond": 7.078200841661589,
    "fcc": 5.0051355377444215,
    "hcp": 3.541178809038327,
    "sc": 3.2430455411341716
  },
  "V": {
    "bcc": 2.990045713549583,
    "diamond": 5.485419105906964,
    "fcc": 3.7945327110487175,
    "hcp": 2.6972640551853373,
    "sc": 2.4085667304913767
  },
  "W": {
    "bcc": 3.172854218380555,
    "diamond": 5.822592621464842,
    "fcc": 4.045325220823132,
    "hcp": 2.868287400208049,
    "sc": 2.641500432591675
  },
  "Y": {
    "bcc": 4.030589950365976,
    "diamond": 7.375832689234276,
    "fcc": 5.054500439188199,
    "hcp": 3.5666704461824006,
    "sc": 3.247227502880745
  },
  "Zn": {
    "bcc": 3.1231724983930578,
    "diamond": 5.8397891842814875,
    "fcc": 3.9116996441907896,
    "hcp": 2.7608011373131234,
    "sc": 2.636470143759245
  },
  "Zr": {
    "bcc": 3.6077760959720186,