{
  "Ag": {
    "bcc": 3.296190244497001,
    "diamond": 6.241696704129204,
    "fcc": 4.140859476333951,
    "hcp": 2.9281004700832756,
    "sc": 2.7464770093033235
  },
  "Al": {
    "bcc": 3.2176850643839985,
    "diamond": 6.060470480287072,
    "fcc": 4.037322838440746,
    "hcp": 2.8531613808403002,
    "sc": 2.719479036396104
  },
  "Au": {
    "bcc": 3.3068379536726678,
    "diamond": 6.161358476954019,
    "fcc": 4.151319209403457,
    "hcp": 2.9381568676211764,
    "sc": 2.7365035256422168
  },
  "Ba": {
    "bcc": 4.9963485338652545,
    "diamond": 10.716790491371636,
    "fcc": 6.324459207795771,
    "hcp": 4.478927676052179,
    "sc": 4.3831679548737945
  },
  "Be": {
    "bcc": 2.4728811659140972,
    "diamond": 4.95597895167817,
    "fcc": 3.171127831275133,
    "hcp": 2.233464339412199,
    "sc": 2.1898291092078437
  },
  "Bi": {
    "bcc": 3.9600246600793416,
    "diamond": 7.311320805524121,
    "fcc": 5.001937697338181,
    "hcp": 3.532525325691791,
    "sc": 3.2768898825651425
  },
  "Ca": {
    "bcc": 4.391384958234976,
    "diamond": 9.093505736655642,
    "fcc": 5.534136370275432,
    "hcp": 3.9155827397182636,
    "sc": 3.611247784707735
  },
  "Cd": {
    "bcc": 3.59504361935469,
    "diamond": 6.6869192478022,
    "fcc": 4.494992056630924,
    "hcp": 3.1786318436961363,
    "sc": 3.000823471512222
  },
  "Co": {
    "bcc": 2.8084301434073207,
    "diamond": 5.022915078105229,
    "fcc": 3.515014268176806,
    "hcp": 2.4841232330007963,
    "sc": 2.324025941440201
  },
  "Cr": {
    "bcc": 2.8459831174290082,
    "diamond": 5.195822263009546,
    "fcc": 3.6127933240601897,
    "hcp": 2.5614427325556353,
    "sc": 2.3239709016779844
  },
  "Cs": {
    "bcc": 6.500928349096635,
    "diamond": 12.440502668271936,
    "fcc": 8.103150837216443,
    "hcp": 5.729679360697168,
    "sc": 5.539866173828789
  },
  "Cu": {
    "bcc": 2.8897961980766813,
    "diamond": 5.373664078665717,
    "fcc": 3.629823547214488,
    "hcp": 2.5684084977440254,
    "sc": 2.397742227032731
  },
  "Fe": {
    "bcc": 2.882166765107215,
    "diamond": 4.952560491453019,
    "fcc": 3.593611822200504,
    "hcp": 2.372956342509956,
    "sc": 2.3803890720361034
  },
  "Ga": {
    "bcc": 3.3686577227947394,
    "diamond": 5.901017077540363,
    "fcc": 4.2215519972095406,
    "hcp": 2.9958916819780983,
    "sc": 2.7140615618416777
  },
  "Ge": {
    "bcc": 3.3912569392694674,
    "diamond": 5.744455641830736,
    "fcc": 4.274325297615928,
    "hcp": 3.0226913307689856,
    "sc": 2.6893897165369767
  },
  "Hf": {
    "bcc": 3.550799601082209,
    "diamond": 6.426368574921619,
    "fcc": 4.42910855388441,
    "hcp": 3.156276666254071,
    "sc": 2.8720525190582444
  },
  "Hg": {
    "bcc": 3.870902691630326,
    "diamond": 8.438248343567299,
    "fcc": 4.888208366333373,
    "hcp": 3.459935623668979,
    "sc": 3.125200290642506
  },
  "In": {
    "bcc": 3.802933448387738,
    "diamond": 6.79291097078205,
    "fcc": 4.776787449465657,
    "hcp": 3.381784226638936,
    "sc": 3.0879690449527626
  },
  "Ir": {
    "bcc": 3.1126359484729202,
    "diamond": 5.582847015626844,
    "fcc": 3.848731591804264,
    "hcp": 2.7273996426325082,
    "sc": 2.5580873119136704
  },
  "K": {
    "bcc": 5.502283872194125,
    "diamond": 10.763842758252212,
    "fcc": 7.00509457607962,
    "hcp": 4.949411026270717,
    "sc": 4.874460935975516
  },
  "Li": {
    "bcc": 3.4309161797695165,
    "diamond": 6.070015878349134,
    "fcc": 4.318776729230033,
    "hcp": 3.0561896632017556,
    "sc": 2.7006049783003734
  },
  "Mg": {
    "bcc": 3.567854722264122,
    "diamond": 6.886063688306681,
    "fcc": 4.502534311562811,
    "hcp": 3.18147499651994,
    "sc": 3.017688390234646
  },
  "Mn": {
    "bcc": 2.776576172823642,
    "diamond": 4.965076510811138,
    "fcc": 3.5055747535576716,
    "hcp": 2.4501013389274746,
    "sc": 2.3277299426247877
  },
  "Mo": {
    "bcc": 3.143234726026209,
    "diamond": 5.73622556561808,
    "fcc": 4.009804161586223,
    "hcp": 2.83145396438572,
    "sc": 2.596368107026845
  },
  "Na": {
    "bcc": 4.225748702205507,
    "diamond": 8.043176165506209,
    "fcc": 5.323276960901401,
    "hcp": 3.7596113037328394,
    "sc": 3.4849331180236973
  },
  "Nb": {
    "bcc": 3.2989543724749333,
    "diamond": 5.8765176348728865,
    "fcc": 4.216033162928587,
    "hcp": 2.9985956160807783,
    "sc": 2.712133314740707
  },
  "Ni": {
    "bcc": 2.7966529490131196,
    "diamond": 5.100593313374895,
    "fcc": 3.5163124460375714,
    "hcp": 2.4837598571749604,
    "sc": 2.3277451003365734
  },
  "Os": {
    "bcc": 3.0976857283763093,
    "diamond": 5.582813399574407,
    "fcc": 3.8533311980145584,
    "hcp": 2.725475099160022,
    "sc": 2.557194779289193
  },
  "Pb": {
    "bcc": 3.9874649903816413,
    "diamond": 7.058542777755545,
    "fcc": 5.032072799751418,
    "hcp": 3.560303792381934,
    "sc": 3.258650324753936
  },
  "Pd": {
    "bcc": 3.1425737487050505,
    "diamond": 5.771296955465717,
    "fcc": 3.9480228608651053,
    "hcp": 2.796300718885729,
    "sc": 2.592652022985802
  },
  "Pt": {
    "bcc": 3.163680753788277,
    "diamond": 5.7666901053928825,
    "fcc": 3.961375507917348,
    "hcp": 2.8092726537487516,
    "sc": 2.6106269828796487
  },
  "Rb": {
    "bcc": 6.201554816460026,
    "diamond": 11.739755101506463,
    "fcc": 7.729048340247036,
    "hcp": 5.473315675318657,
    "sc": 5.2630331938364066
  },
  "Re": {
    "bcc": 3.0938473093918666,
    "diamond": 5.666647299537385,
    "fcc": 3.9131135772395176,
    "hcp": 2.7714478662814646,
    "sc": 2.5919391002896184
  },
  "Rh": {
    "bcc": 3.0696429397741363,
    "diamond": 5.508874427280033,
    "fcc": 3.8075620631322433,
    "hcp": 2.6987594050126273,
    "sc": 2.5264318788486273
  },
  "Ru": {
    "bcc": 3.0274543200559614,
    "diamond": 5.431984697954744,
    "fcc": 3.800668523222211,
    "hcp": 2.687525096717204,
    "sc": 2.5025561301897725
  },
  "Sc": {
    "bcc": 3.6693008770037525,
    "diamond": 6.602860702554876,
    "fcc": 4.623588005411549,
    "hcp": 3.253009973733466,
    "sc": 2.937644794876593
  },
  "Si": {
    "bcc": 3.068297572133839,
    "diamond": 5.42616943727278,
    "fcc": 3.8491287778762273,
    "hcp": 2.719398506852503,
    "sc": 2.5071443460783778
  },
  "Sn": {
    "bcc": 3.8116665038468454,
    "diamond": 6.64846240537948,
    "fcc": 4.788214376046058,
    "hcp": 3.3900424502133446,
    "sc": 3.0816033861775134
  },
  "Sr": {
    "bcc": 4.79256352454084,
    "diamond": 10.064443284144426,
    "fcc": 6.073349260320073,
    "hcp": 4.297993834520579,
    "sc": 3.9276520723244226
  },
  "Ta": {
    "bcc": 3.296630981479545,
    "diamond": 6.163101896899244,
    "fcc": 4.226271969741593,
    "hcp": 2.991678187292601,
    "sc": 2.7402531532572114
  },
  "Tc": {
    "bcc": 3.055856113396267,
    "diamond": 5.527248601838845,
    "fcc": 3.8642002977854073,
    "hcp": 2.7369964633245756,
    "sc": 2.5292663148241523
  },
  "Ti": {
    "bcc": 3.223177705515182,
    "diamond": 5.747077117762403,
    "fcc": 4.082377910684086,
    "hcp": 2.874305460097754,
    "sc": 2.6273063810971697
  },
  "Tl": {
    "bcc": 3.973490344821873,
    "diamond": 7.105463246880696,
    "fcc": 5.00313003113918,
    "hcp": 3.538131215782713,
    "sc": 3.2468139137693917
  },
  "V": {
    "bcc": 2.984364951330946,
    "diamond": 5.09025269332914,
    "fcc": 3.797632080713795,
    "hcp": 2.6971187962407512,
    "sc": 2.404505508663216
  },
  "W": {
    "bcc": 3.1718759369881644,
    "diamond": 5.847357831684795,
    "fcc": 4.037540075969107,
    "hcp": 2.8547101418254783,
    "sc": 2.63860511059871
  },
  "Y": {
    "bcc": 4.001226578023535,
    "diamond": 7.274454891123491,
    "fcc": 5.066639898973906,
    "hcp": 3.560730730488256,
    "sc": 3.200386091680474
  },
  "Zn": {
    "bcc": 3.1116686944155063,
    "diamond": 5.8223378451377,
    "fcc": 3.9044081772621704,
    "hcp": 2.7495033799978597,
    "sc": 2.6374552232513038
  },
  "Zr": {
    "bcc": 3.576052010234435,
    "diamond": 6.030621259417792,