{
  "Ag": {
    "bcc": 3.3107696475115724,
    "diamond": 6.246434563136031,
    "fcc": 4.1588370896714455,
    "hcp": 2.94093902614419,
    "sc": 2.757788343050178
  },
  "Al": {
    "bcc": 3.2328889674890093,
    "diamond": 6.045787103191045,
    "fcc": 4.041828108169065,
    "hcp": 2.863750834868582,
    "sc": 2.726719645899404
  },
  "Au": {
    "bcc": 3.3179235449815074,
    "diamond": 6.193205098237422,
    "fcc": 4.173171036399148,
    "hcp": 2.9518894425056774,
    "sc": 2.7441017026956467
  },
  "Ba": {
    "bcc": 5.021234210932713,
    "diamond": 11.031176531614724,
    "fcc": 6.37525199395591,
    "hcp": 4.513658600963386,
    "sc": 3.946100865918946
  },
  "Be": {
    "bcc": 2.2051768650779446,
    "diamond": 4.907213938568733,
    "fcc": 2.763366024363512,
    "hcp": 1.983013803102346,
    "sc": 2.1635754221907173
  },
  "Bi": {
    "bcc": 3.9756012213281045,
    "diamond": 7.259704959800593,
    "fcc": 5.012028892484943,
    "hcp": 3.542263162767491,
    "sc": 3.2718174476793096
  },
  "Ca": {
    "bcc": 4.382053071857803,
    "diamond": 8.861970056143786,
    "fcc": 5.5313380262684015,
    "hcp": 3.9169695284891133,
    "sc": 3.6036191050673008
  },
  "Cd": {
    "bcc": 3.59924379492864,
    "diamond": 6.727227712223728,
    "fcc": 4.493957978751808,
    "hcp": 3.1746620540454806,
    "sc": 3.0111610304778877
  },
  "Co": {
    "bcc": 2.8059715196962474,
    "diamond": 5.039256617046823,
    "fcc": 3.5281865287299765,
    "hcp": 2.486483013964577,
    "sc": 2.3473781005832115
  },
  "Cr": {
    "bcc": 2.86779720344283,
    "diamond": 5.208575127536002,
    "fcc": 3.6285272351708375,
    "hcp": 2.5799958182036424,
    "sc": 2.341667998287154
  },
  "Cs": {
    "bcc": 6.191838116525083,
    "diamond": 13.128112411237502,
    "fcc": 7.710369951468037,
    "hcp": 5.455488430769619,
    "sc": 5.305019767298791
  },
  "Cu": {
    "bcc": 2.888051257500267,
    "diamond": 5.36610899595239,
    "fcc": 3.6308042516135477,
    "hcp": 2.5690502620672544,
    "sc": 2.404045215924107
  },
  "Fe": {
    "bcc": 2.854786744574361,
    "diamond": 4.867766744152736,
    "fcc": 3.4967664122774287,
    "hcp": 2.4456893062282883,
    "sc": 2.3937623728056914
  },
  "Ga": {
    "bcc": 3.368864461699963,
    "diamond": 5.878371006630309,
    "fcc": 4.228826011562839,
    "hcp": 3.0031965574787227,
    "sc": 2.7258181368991323
  },
  "Ge": {
    "bcc": 3.3955835534556593,
    "diamond": 5.743833862108143,
    "fcc": 4.276257697182957,
    "hcp": 3.0253509858090633,
    "sc": 2.717057743342216
  },
  "Hf": {
    "bcc": 3.557575955602562,
    "diamond": 6.585941289956784,
    "fcc": 4.475007830920116,
    "hcp": 3.180659015687772,
    "sc": 2.8939113985348217
  },
  "Hg": {
    "bcc": 3.9063909187574493,
    "diamond": 7.26621833568712,
    "fcc": 4.95221526146581,
    "hcp": 3.507578647503207,
    "sc": 3.133481500917928
  },
  "In": {
    "bcc": 3.8088778413015567,
    "diamond": 6.779096695301935,
    "fcc": 4.780654964601417,
    "hcp": 3.3919317583661086,
    "sc": 3.092138963813554
  },
  "Ir": {
    "bcc": 3.1123103892208923,
    "diamond": 5.574664053455742,
    "fcc": 3.87402406474839,
    "hcp": 2.7457014838930034,
    "sc": 2.57183756469737
  },
  "K": {
    "bcc": 5.277519478231449,
    "diamond": 10.573739304140645,
    "fcc": 6.701991088630677,
    "hcp": 4.737415095091344,
    "sc": 4.3746984282250665
  },
  "Li": {
    "bcc": 3.44036348073402,
    "diamond": 5.912066756501768,
    "fcc": 4.341515964868996,
    "hcp": 3.0627837498066985,
    "sc": 2.7320669889025306
  },
  "Mg": {
    "bcc": 3.5548453623789587,
    "diamond": 6.816430690378223,
    "fcc": 4.494663857947195,
    "hcp": 3.175026379034059,
    "sc": 3.025670364159741
  },
  "Mn": {
    "bcc": 2.800453720219541,
    "diamond": 5.532180897898559,
    "fcc": 3.5646349861481874,
    "hcp": 2.452146229820705,
    "sc": 2.3324227478257
  },
  "Mo": {
    "bcc": 3.1702794513518877,
    "diamond": 5.7235794545327785,
    "fcc": 4.013507487585592,
    "hcp": 2.8338899491513314,
    "sc": 2.6091048670995747
  },
  "Na": {
    "bcc": 4.239992340582086,
    "diamond": 7.436385600505867,
    "fcc": 5.344988764171988,
    "hcp": 3.7793763699294614,
    "sc": 3.477838137718141
  },
  "Nb": {
    "bcc": 3.3225738249810504,
    "diamond": 5.993297343717597,
    "fcc": 4.2293719105741125,
    "hcp": 2.9923816051502548,
    "sc": 2.708281164120374
  },
  "Ni": {
    "bcc": 2.8002729937023694,
    "diamond": 5.089262943610499,
    "fcc": 3.5153362105384764,
    "hcp": 2.4914561559898196,
    "sc": 2.333022010348217
  },
  "Os": {
    "bcc": 3.0692719323528586,
    "diamond": 5.555647577850873,
    "fcc": 3.8591071862301534,
    "hcp": 2.724483214479126,
    "sc": 2.558543881936135
  },
  "Pb": {
    "bcc": 3.994994799966336,
    "diamond": 7.067998024558401,
    "fcc": 5.035447846414234,
    "hcp": 3.561519859981953,
    "sc": 3.256404764552761
  },
  "Pd": {
    "bcc": 3.150286889055173,
    "diamond": 5.813614218143734,
    "fcc": 3.942521222660921,
    "hcp": 2.7983087561880104,
    "sc": 2.625143695342997
  },
  "Pt": {
    "bcc": 3.175964546054991,
    "diamond": 5.80031774007892,
    "fcc": 3.9747548714248104,
    "hcp": 2.8224886514386136,
    "sc": 2.6369711152585866
  },
  "Rb": {
    "bcc": 5.586678988230728,
    "diamond": 11.365374976886745,
    "fcc": 7.242516710027376,
    "hcp": 5.12058171531378,
    "sc": 4.83183204743837
  },
  "Re": {
    "bcc": 3.1251596346182673,
    "diamond": 5.679175625152818,
    "fcc": 3.9260052368207914,
    "hcp": 2.7721580165202893,
    "sc": 2.588081575991885
  },
  "Rh": {
    "bcc": 3.0934851955879017,
    "diamond": 5.531328647457904,
    "fcc": 3.844738982404719,
    "hcp": 2.7275266852346802,
    "sc": 2.548152049336138
  },
  "Ru": {
    "bcc": 3.046893100732167,
    "diamond": 5.475403862386399,
    "fcc": 3.8281293484722543,
    "hcp": 2.7011037190729597,
    "sc": 2.5298034074544473
  },
  "Sc": {
    "bcc": 3.65758878968444,
    "diamond": 6.616551902011033,
    "fcc": 4.630512556166064,
    "hcp": 3.2698825499918214,
    "sc": 2.9415609828084786
  },
  "Si": {
    "bcc": 3.0892944553339983,
    "diamond": 5.457110951525711,
    "fcc": 3.8702447276521865,
    "hcp": 2.7312647564134647,
    "sc": 2.508758083310378
  },
  "Sn": {
    "bcc": 3.803648291893624,
    "diamond": 6.625017931077066,
    "fcc": 4.803611311779559,
    "hcp": 3.396109339502211,
    "sc": 3.0823070750328445
  },
  "Sr": {
    "bcc": 4.773422040384101,
    "diamond": 9.7202250312112,
    "fcc": 6.041835766849423,
    "hcp": 4.277517712261413,
    "sc": 3.8502420097925674
  },
  "Ta": {
    "bcc": 3.317135582075974,
    "diamond": 6.099326748564893,
    "fcc": 4.223770701908959,
    "hcp": 2.9874151963712006,
    "sc": 2.7375854273384324
  },
  "Tc": {
    "bcc": 3.082831181353436,
    "diamond": 5.529202643876772,
    "fcc": 3.871644871949692,
    "hcp": 2.743221941119953,
    "sc": 2.5466912867908245
  },
  "Ti": {
    "bcc": 3.2604691572723703,
    "diamond": 6.105588420502126,
    "fcc": 4.1079059375316795,
    "hcp": 2.9076660539955346,
    "sc": 2.6320251703757545
  },
  "Tl": {
    "bcc": 3.980200369914734,
    "diamond": 7.1461968362653305,
    "fcc": 4.995304515109253,
    "hcp": 3.534958317479196,
    "sc": 3.2551005380498004
  },
  "V": {
    "bcc": 2.991490462879306,
    "diamond": 5.4140769230273635,
    "fcc": 3.7887345135223702,
    "hcp": 2.690220874843702,
    "sc": 2.4291477032923847
  },
  "W": {
    "bcc": 3.189526395891607,
    "diamond": 5.833184636878171,
    "fcc": 4.05047401720153,
    "hcp": 2.856406156025729,
    "sc": 2.643019914382696
  },
  "Y": {
    "bcc": 4.0408979333662725,
    "diamond": 7.418432325939035,
    "fcc": 5.061661757244184,
    "hcp": 3.5891844364407666,
    "sc": 3.243047799163815
  },
  "Zn": {
    "bcc": 3.1286681557443776,
    "diamond": 5.835181501787766,
    "fcc": 3.9064659721956443,
    "hcp": 2.755020039706793,
    "sc": 2.6381064859196877
  },
  "Zr": {
    "bcc": 3.590872755215074,
    "diamond": 6.37505500817851,