{
  "Ag": {
    "bcc": 3.317322906901229,
    "diamond": 6.231226134309485,
    "fcc": 4.1608405913255755,
    "hcp": 2.943110000271009,
    "sc": 2.7666545036650283
  },
  "Al": {
    "bcc": 3.226164662994655,
    "diamond": 6.0496694316970965,
    "fcc": 4.039479031316706,
    "hcp": 2.85482336115568,
    "sc": 2.714407407738058
  },
  "Au": {
    "bcc": 3.3144757335519306,
    "diamond": 6.151032237702684,
    "fcc": 4.166536315902547,
    "hcp": 2.9470677556508695,
    "sc": 2.7439728339992677
  },
  "Ba": {
    "bcc": 4.996544438012777,
    "diamond": 11.053112686289717,
    "fcc": 6.32318161512818,
    "hcp": 4.470164896001131,
    "sc": 3.9320330312794165
  },
  "Be": {
    "bcc": 2.460738848808655,
    "diamond": 4.8482566566716,
    "fcc": 3.1282571917809565,
    "hcp": 2.2241995914205144,
    "sc": 2.1816709192462103
  },
  "Bi": {
    "bcc": 3.9742043752179526,
    "diamond": 7.27675106349489,
    "fcc": 5.028716864783777,
    "hcp": 3.550113160937917,
    "sc": 3.2740206149444853
  },
  "Ca": {
    "bcc": 4.373717694199015,
    "diamond": 8.124661329818434,
    "fcc": 5.543549842192653,
    "hcp": 3.9174550889454034,
    "sc": 3.5910282009729735
  },
  "Cd": {
    "bcc": 3.606758126931187,
    "diamond": 6.7627176490098195,
    "fcc": 4.491619280828372,
    "hcp": 3.1633300593150366,
    "sc": 3.016048768053623
  },
  "Co": {
    "bcc": 2.809861082665961,
    "diamond": 5.044598118880752,
    "fcc": 3.5198532237427433,
    "hcp": 2.486300908286347,
    "sc": 2.3334435707819514
  },
  "Cr": {
    "bcc": 2.8649619308527794,
    "diamond": 5.6570887083665164,
    "fcc": 3.6427870943698952,
    "hcp": 2.60751109667293,
    "sc": 2.3157695372517706
  },
  "Cs": {
    "bcc": 6.520954051287567,
    "diamond": 12.719060356001199,
    "fcc": 8.080119258908313,
    "hcp": 5.714015504293334,
    "sc": 5.573095452718274
  },
  "Cu": {
    "bcc": 2.89402343470534,
    "diamond": 5.388687748067146,
    "fcc": 3.639315819305569,
    "hcp": 2.5733637110035588,
    "sc": 2.4146582506821805
  },
  "Fe": {
    "bcc": 2.876420520242294,
    "diamond": 4.322807296189709,
    "fcc": 3.45489944867562,
    "hcp": 2.4231901251038606,
    "sc": 2.358523858409084
  },
  "Ga": {
    "bcc": 3.3649682475145655,
    "diamond": 5.904066492437132,
    "fcc": 4.219165224292342,
    "hcp": 2.9933303164092977,
    "sc": 2.7185120997533603
  },
  "Ge": {
    "bcc": 3.3965621135176542,
    "diamond": 5.719146666469131,
    "fcc": 4.279270178281285,
    "hcp": 3.0224800356245485,
    "sc": 2.7112724336407323
  },
  "Hf": {
    "bcc": 3.563945136429547,
    "diamond": 6.543687655754103,
    "fcc": 4.463321716388151,
    "hcp": 3.162339660705187,
    "sc": 2.891321374899829
  },
  "Hg": {
    "bcc": 3.9012587232542466,
    "diamond": 7.03515332176281,
    "fcc": 4.928213872981483,
    "hcp": 3.495588748612597,
    "sc": 3.144069902683846
  },
  "In": {
    "bcc": 3.8025193761463925,
    "diamond": 6.713431336618739,
    "fcc": 4.7749221976371645,
    "hcp": 3.385593680812797,
    "sc": 3.083439064620725
  },
  "Ir": {
    "bcc": 3.1357665196276416,
    "diamond": 5.515131286788978,
    "fcc": 3.856628308302848,
    "hcp": 2.732665817691972,
    "sc": 2.5556645933268025
  },
  "K": {
    "bcc": 5.305045511173219,
    "diamond": 11.48673556540579,
    "fcc": 6.752977226793108,
    "hcp": 4.788652704950346,
    "sc": 4.627275431364325
  },
  "Li": {
    "bcc": 3.4292806414616037,
    "diamond": 5.916947401815428,
    "fcc": 4.307012489448705,
    "hcp": 3.041564388480071,
    "sc": 2.7917489337637176
  },
  "Mg": {
    "bcc": 3.5650018570497997,
    "diamond": 6.981472138345364,
    "fcc": 4.507655823708842,
    "hcp": 3.17975810632073,
    "sc": 3.006489322586282
  },
  "Mn": {
    "bcc": 2.8009067005376496,
    "diamond": 5.053187494372583,
    "fcc": 3.560973967422341,
    "hcp": 2.496343211010472,
    "sc": 2.349743680373028
  },
  "Mo": {
    "bcc": 3.1513460516515073,
    "diamond": 5.576517992828247,
    "fcc": 4.026543762079278,
    "hcp": 2.862348386952155,
    "sc": 2.5637279025090054
  },
  "Na": {
    "bcc": 4.187521753195865,
    "diamond": 7.925520027025985,
    "fcc": 5.2727975037469035,
    "hcp": 3.721114215784809,
    "sc": 3.422175499942054
  },
  "Nb": {
    "bcc": 3.31686648486797,
    "diamond": 6.1934678493943345,
    "fcc": 4.217966574062039,
    "hcp": 2.993527335656385,
    "sc": 2.70184038514998
  },
  "Ni": {
    "bcc": 2.793933712750443,
    "diamond": 5.0945734727598015,
    "fcc": 3.521104423220993,
    "hcp": 2.488839995211459,
    "sc": 2.3281934884908044
  },
  "Os": {
    "bcc": 3.10300106147242,
    "diamond": 5.501664609914648,
    "fcc": 3.8590206783668415,
    "hcp": 2.721313903725244,
    "sc": 2.567726557487101
  },
  "Pb": {
    "bcc": 3.9792798783586782,
    "diamond": 6.979702064570196,
    "fcc": 4.999899641055974,
    "hcp": 3.544696726385404,
    "sc": 3.2640954241158284
  },
  "Pd": {
    "bcc": 3.1615279763726707,
    "diamond": 5.780402388924523,
    "fcc": 3.959644547136129,
    "hcp": 2.805939924821002,
    "sc": 2.601243493997569
  },
  "Pt": {
    "bcc": 3.1795694977758298,
    "diamond": 5.738148154854051,
    "fcc": 3.9763783073616574,
    "hcp": 2.822353705528105,
    "sc": 2.611048702554675
  },
  "Rb": {
    "bcc": 5.613322493307104,
    "diamond": 12.481465932508424,
    "fcc": 7.235322490319171,
    "hcp": 5.12120792916986,
    "sc": 4.9317720873201285
  },
  "Re": {
    "bcc": 3.1097923838906376,
    "diamond": 5.682450067449432,
    "fcc": 3.936910910597258,
    "hcp": 2.7775370705284423,
    "sc": 2.576698786365032
  },
  "Rh": {
    "bcc": 3.1052519436475077,
    "diamond": 5.5268829349921775,
    "fcc": 3.8392980027026447,
    "hcp": 2.709772217902139,
    "sc": 2.532038889947743
  },
  "Ru": {
    "bcc": 3.0693742818694365,
    "diamond": 5.395480793395436,
    "fcc": 3.828893679282384,
    "hcp": 2.6983098819038465,
    "sc": 2.5137975740850313
  },
  "Sc": {
    "bcc": 3.6613366615592797,
    "diamond": 6.651753213156267,
    "fcc": 4.623810001413819,
    "hcp": 3.247605500054901,
    "sc": 2.997739880864367
  },
  "Si": {
    "bcc": 2.418895930281363,
    "diamond": 5.466785762934293,
    "fcc": 3.061448307830327,
    "hcp": 2.1607005965416017,
    "sc": 2.517360938828684
  },
  "Sn": {
    "bcc": 3.7957510383046857,
    "diamond": 6.592489033146823,
    "fcc": 4.790928291793461,
    "hcp": 3.3875978814596484,
    "sc": 3.0797761292857166
  },
  "Sr": {
    "bcc": 4.764810711318086,
    "diamond": 9.720537697020575,
    "fcc": 6.027399410067539,
    "hcp": 4.264754412109489,
    "sc": 3.8634482865085404
  },
  "Ta": {
    "bcc": 3.318393529138821,
    "diamond": 6.09695040805433,
    "fcc": 4.20679777581927,
    "hcp": 2.981916305381342,
    "sc": 2.734336848484083
  },
  "Tc": {
    "bcc": 3.08155151392374,
    "diamond": 5.5834647943499585,
    "fcc": 3.8874681917819114,
    "hcp": 2.7451363483196936,
    "sc": 2.5442944949777
  },
  "Ti": {
    "bcc": 3.2396388404573244,
    "diamond": 5.8054328593036395,
    "fcc": 4.11303206854429,
    "hcp": 2.9027486018606763,
    "sc": 2.6532983708658118
  },
  "Tl": {
    "bcc": 3.987327039819793,
    "diamond": 7.0922471765866675,
    "fcc": 5.001401852910235,
    "hcp": 3.5385382837782107,
    "sc": 3.261995617461157
  },
  "V": {
    "bcc": 2.9795584151582273,
    "diamond": 5.4717827245899455,
    "fcc": 3.7583198498735184,
    "hcp": 2.6698165638741513,
    "sc": 2.4209851073047877
  },
  "W": {
    "bcc": 3.1745704205630094,
    "diamond": 5.654590715255151,
    "fcc": 4.069708711687139,
    "hcp": 2.881554014986664,
    "sc": 2.6188143709236953
  },
  "Y": {
    "bcc": 4.0194485029045115,
    "diamond": 7.450931516584137,
    "fcc": 5.062005066506135,
    "hcp": 3.579360873213928,
    "sc": 3.281283401201108
  },
  "Zn": {
    "bcc": 3.1314756880803976,
    "diamond": 5.863468830250905,
    "fcc": 3.917273647219723,
    "hcp": 2.7578117999396192,
    "sc": 2.627300758152636
  },
  "Zr": {
    "bcc": 3.5992575594906344,
    "diamond": 6.4727522127199,