{
  "Ag": {
    "bcc": 3.31047872841797,
    "diamond": 6.24235904469596,
    "fcc": 4.161577119372278,
    "hcp": 2.9429841631046822,
    "sc": 2.757257507591125
  },
  "Al": {
    "bcc": 3.2245947027386097,
    "diamond": 6.080741866968439,
    "fcc": 4.042122097791479,
    "hcp": 2.8602069417399725,
    "sc": 2.722145095651171
  },
  "Au": {
    "bcc": 3.3146403133461555,
    "diamond": 6.198608722561246,
    "fcc": 4.170866456653159,
    "hcp": 2.9497448690591614,
    "sc": 2.756246023593516
  },
  "Ba": {
    "bcc": 4.981783407489704,
    "diamond": 9.976612651596735,
    "fcc": 6.374621181051951,
    "hcp": 4.496203618414951,
    "sc": 3.9648809213665177
  },
  "Be": {
    "bcc": 2.4696207625805835,
    "diamond": 4.8559078259228805,
    "fcc": 3.1513041752596234,
    "hcp": 2.2288409741864292,
    "sc": 2.221150550401487
  },
  "Bi": {
    "bcc": 3.9766326844747764,
    "diamond": 7.277597341779761,
    "fcc": 5.026075016007853,
    "hcp": 3.5404349453556403,
    "sc": 3.2921493751750908
  },
  "Ca": {
    "bcc": 4.386055967306687,
    "diamond": 8.80596649208699,
    "fcc": 5.525138115284384,
    "hcp": 3.9140007833861103,
    "sc": 3.5652913205270287
  },
  "Cd": {
    "bcc": 3.5962715538576666,
    "diamond": 6.71444890000845,
    "fcc": 4.483415514037198,
    "hcp": 3.168236614127141,
    "sc": 3.0065286018050843
  },
  "Co": {
    "bcc": 2.814488834717202,
    "diamond": 4.985905441201138,
    "fcc": 3.524869837537172,
    "hcp": 2.487341220864471,
    "sc": 2.338225251041341
  },
  "Cr": {
    "bcc": 2.8546802784476917,
    "diamond": 5.3174918608944335,
    "fcc": 3.628668601236914,
    "hcp": 2.570440903049146,
    "sc": 2.3168811745151743
  },
  "Cs": {
    "bcc": 6.167722804329309,
    "diamond": 13.134801501713488,
    "fcc": 7.712556075653901,
    "hcp": 5.45471988004953,
    "sc": 5.288982198840133
  },
  "Cu": {
    "bcc": 2.8832089089668007,
    "diamond": 5.364045265697535,
    "fcc": 3.627374545039366,
    "hcp": 2.5666179089020886,
    "sc": 2.402136884836187
  },
  "Fe": {
    "bcc": 2.8468721811256477,
    "diamond": 4.852668356731522,
    "fcc": 3.5260116597437694,
    "hcp": 2.4645196651465437,
    "sc": 2.4005075210839997
  },
  "Ga": {
    "bcc": 3.3610423131042957,
    "diamond": 5.879879923096266,
    "fcc": 4.2235788428843355,
    "hcp": 2.991632201036094,
    "sc": 2.7123930161682948
  },
  "Ge": {
    "bcc": 3.3942422064223887,
    "diamond": 5.741576009770464,
    "fcc": 4.288819501289507,
    "hcp": 3.029981490139477,
    "sc": 2.713300336660606
  },
  "Hf": {
    "bcc": 3.5367772487367364,
    "diamond": 6.443530046793849,
    "fcc": 4.475051213871833,
    "hcp": 3.17351282974479,
    "sc": 2.9190808609423184
  },
  "Hg": {
    "bcc": 3.9135722491506906,
    "diamond": 7.523155591627527,
    "fcc": 4.966055993010298,
    "hcp": 3.523497314981615,
    "sc": 3.1304227350964013
  },
  "In": {
    "bcc": 3.81531053835433,
    "diamond": 6.719330056138994,
    "fcc": 4.792413337489518,
    "hcp": 3.3996351020261555,
    "sc": 3.0989087822610464
  },
  "Ir": {
    "bcc": 3.116162059253278,
    "diamond": 5.571968678883535,
    "fcc": 3.8711192135973875,
    "hcp": 2.745675418881143,
    "sc": 2.5768430128642947
  },
  "K": {
    "bcc": 5.291091191548641,
    "diamond": 9.709913826763398,
    "fcc": 6.718716325530991,
    "hcp": 4.7518050464078065,
    "sc": 4.270287655554519
  },
  "Li": {
    "bcc": 3.433587085069974,
    "diamond": 5.917150297119711,
    "fcc": 4.326284642252115,
    "hcp": 3.052521887288031,
    "sc": 2.729586161223957
  },
  "Mg": {
    "bcc": 3.5573813650811528,
    "diamond": 6.877003295094236,
    "fcc": 4.4970705788365715,
    "hcp": 3.172745733490972,
    "sc": 3.002532171176572
  },
  "Mn": {
    "bcc": 2.827943074536419,
    "diamond": 5.3262811603041955,
    "fcc": 3.5547024604874657,
    "hcp": 2.4754463042882113,
    "sc": 2.3948888085152404
  },
  "Mo": {
    "bcc": 3.165890276728345,
    "diamond": 5.709381648415483,
    "fcc": 4.014652014196902,
    "hcp": 2.8424890235021687,
    "sc": 2.597858562845773
  },
  "Na": {
    "bcc": 4.222627335291627,
    "diamond": 7.515821683142016,
    "fcc": 5.323694797514162,
    "hcp": 3.7628158987726867,
    "sc": 3.4451695626203147
  },
  "Nb": {
    "bcc": 3.3206597262167663,
    "diamond": 5.935589080532258,
    "fcc": 4.205293367825203,
    "hcp": 2.9848105614061726,
    "sc": 2.722209288636685
  },
  "Ni": {
    "bcc": 2.796741740149963,
    "diamond": 5.098081026760171,
    "fcc": 3.5172974528664906,
    "hcp": 2.4883949242197603,
    "sc": 2.3367750477040126
  },
  "Os": {
    "bcc": 3.08017011609445,
    "diamond": 5.576281988878704,
    "fcc": 3.857192990232017,
    "hcp": 2.7237895232286413,
    "sc": 2.5736914208896406
  },
  "Pb": {
    "bcc": 3.9910076312518643,
    "diamond": 7.0728960541514105,
    "fcc": 5.03939042892105,
    "hcp": 3.561503323650268,
    "sc": 3.2429151149337043
  },
  "Pd": {
    "bcc": 3.1488064890561027,
    "diamond": 5.843330043299038,
    "fcc": 3.9580533138708187,
    "hcp": 2.8038857408391586,
    "sc": 2.623237244440366
  },
  "Pt": {
    "bcc": 3.1710110605305926,
    "diamond": 5.805822590740878,
    "fcc": 3.9720236812945937,
    "hcp": 2.819666348095533,
    "sc": 2.631570648057134
  },
  "Rb": {
    "bcc": 5.61704907217655,
    "diamond": 13.15049160186221,
    "fcc": 7.262689947789506,
    "hcp": 5.139025650118613,
    "sc": 4.696866679193297
  },
  "Re": {
    "bcc": 3.119833335208808,
    "diamond": 5.678978944010514,
    "fcc": 3.922970203010115,
    "hcp": 2.7686592800535745,
    "sc": 2.5867999172219993
  },
  "Rh": {
    "bcc": 3.0775539237740746,
    "diamond": 5.552481066481858,
    "fcc": 3.845843880623523,
    "hcp": 2.7232543582873996,
    "sc": 2.544641647679029
  },
  "Ru": {
    "bcc": 3.0661939864985235,
    "diamond": 5.476208880738844,
    "fcc": 3.820359145976642,
    "hcp": 2.699162586330503,
    "sc": 2.526917813845653
  },
  "Sc": {
    "bcc": 3.6581746263496893,
    "diamond": 6.578713405548698,
    "fcc": 4.6264837884061745,
    "hcp": 3.2678441583972213,
    "sc": 2.963269574657593
  },
  "Si": {
    "bcc": 3.0774769560797144,
    "diamond": 5.466425821143101,
    "fcc": 3.877417733620297,
    "hcp": 2.7389369487833224,
    "sc": 2.5119051848857445
  },
  "Sn": {
    "bcc": 3.7888673484370243,
    "diamond": 6.625838971040478,
    "fcc": 4.793086780988996,
    "hcp": 3.3811323326666862,
    "sc": 3.0868947706116123
  },
  "Sr": {
    "bcc": 4.767880052668678,
    "diamond": 9.56500381514242,
    "fcc": 6.036411309953001,
    "hcp": 4.275441927111575,
    "sc": 3.8731940758880983
  },
  "Ta": {
    "bcc": 3.320258900591845,
    "diamond": 6.053248870593387,
    "fcc": 4.231140294778175,
    "hcp": 2.9918878595915483,
    "sc": 2.7447577073325475
  },
  "Tc": {
    "bcc": 3.088367093171107,
    "diamond": 5.572244914142899,
    "fcc": 3.8752412658811246,
    "hcp": 2.7404557402325977,
    "sc": 2.528973473609587
  },
  "Ti": {
    "bcc": 3.258315120973616,
    "diamond": 6.0517858046994055,
    "fcc": 4.096279827061439,
    "hcp": 2.9084630458933343,
    "sc": 2.6439468439986875
  },
  "Tl": {
    "bcc": 3.974339954294115,
    "diamond": 7.145729949570538,
    "fcc": 4.984914493454255,
    "hcp": 3.5356538406172473,
    "sc": 3.254483588297517
  },
  "V": {
    "bcc": 2.9960459802776938,
    "diamond": 5.346699069000251,
    "fcc": 3.7971112454868075,
    "hcp": 2.7079618025114707,
    "sc": 2.4351804241803343
  },
  "W": {
    "bcc": 3.189663295951588,
    "diamond": 5.8352419440632195,
    "fcc": 4.050560230559196,
    "hcp": 2.8671538046684852,
    "sc": 2.6333669012953425
  },
  "Y": {
    "bcc": 4.033901892048599,
    "diamond": 7.324362390914511,
    "fcc": 5.064473382540252,
    "hcp": 3.5988091402574054,
    "sc": 3.254081013843126
  },
  "Zn": {
    "bcc": 3.1399015294649533,
    "diamond": 5.847595298421871,
    "fcc": 3.9275188139603365,
    "hcp": 2.7706218416607538,
    "sc": 2.6238751222394288
  },
  "Zr": {
    "bcc": 3.579384178342307,